img,pred
1025794.jpg,0
0056978.jpg,90
0698580.jpg,0
1042824.jpg,0
1427680.jpg,0
0582363.jpg,0
0869722.jpg,0
0864665.jpg,0
0582372.jpg,0
0548719.jpg,0
0577855.jpg,0
1423583.jpg,0
0610657.jpg,0
0482761.jpg,0
0732456.jpg,1
0218039.jpg,1
0983618.jpg,1
0995286.jpg,1
1063986.jpg,1
0632010.jpg,1
0901504.jpg,1
1089989.jpg,1
0907359.jpg,1
0875281.jpg,1
0786258.jpg,1
1512865.jpg,1
0523223.jpg,1
1115308.jpg,1
0994986.jpg,1
0193983.jpg,77
0822348.jpg,2
0847273.jpg,2
0923506.jpg,2
0059101.jpg,2
1548405.jpg,2
1094669.jpg,2
0198443.jpg,2
0247942.jpg,2
0564495.jpg,2
0826475.jpg,2
0065422.jpg,2
0054367.jpg,2
0337947.jpg,2
1143132.jpg,2
0789826.jpg,2
1942698.jpg,2
0447807.jpg,2
0074464.jpg,2
1296896.jpg,2
0056331.jpg,2
0523229.jpg,2
1899111.jpg,3
0069776.jpg,3
0569402.jpg,3
1538841.jpg,3
1323729.jpg,3
1393334.jpg,53
0907408.jpg,3
1396876.jpg,5
0492497.jpg,3
1691783.jpg,3
0278443.jpg,3
0090868.jpg,3
0986161.jpg,5
1879894.jpg,3
1564774.jpg,3
2115318.jpg,5
0687267.jpg,3
1251289.jpg,4
1560581.jpg,4
0848057.jpg,29
0438658.jpg,4
1846193.jpg,3
0420818.jpg,3
2186493.jpg,3
2117477.jpg,53
2031382.jpg,4
0242845.jpg,93
2026894.jpg,3
1059090.jpg,4
1398863.jpg,4
0302648.jpg,3
0987619.jpg,4
0122393.jpg,4
2066262.jpg,53
0328123.jpg,4
1933719.jpg,4
0740907.jpg,4
0933127.jpg,4
1758606.jpg,5
1264479.jpg,3
0723229.jpg,5
0706205.jpg,5
1459173.jpg,5
1818731.jpg,5
1627446.jpg,5
0807405.jpg,5
0097119.jpg,5
1543563.jpg,58
1337392.jpg,5
0225225.jpg,5
1053446.jpg,5
0130599.jpg,5
1543529.jpg,58
0977330.jpg,5
0942001.jpg,5
0894220.jpg,5
0944253.jpg,58
0817558.jpg,58
0928043.jpg,58
1650651.jpg,58
1823113.jpg,58
1401747.jpg,58
1726606.jpg,58
1615563.jpg,58
0731199.jpg,58
0784350.jpg,58
1283644.jpg,58
0467430.jpg,55
0745448.jpg,58
0702868.jpg,58
0842381.jpg,58
2188618.jpg,58
1973457.jpg,58
1861153.jpg,58
2091304.jpg,58
0961750.jpg,58
0904850.jpg,58
0361351.jpg,58
1117081.jpg,58
2080548.jpg,58
0905907.jpg,58
1885885.jpg,58
1259152.jpg,58
0442918.jpg,58
2101958.jpg,58
1730978.jpg,58
1773981.jpg,58
1718899.jpg,58
0721593.jpg,58
1759296.jpg,58
1060500.jpg,55
2219111.jpg,55
1222170.jpg,55
0400397.jpg,55
0694487.jpg,55
1503761.jpg,55
1774585.jpg,55
0357855.jpg,53
0956171.jpg,55
1611252.jpg,55
1084518.jpg,55
0984409.jpg,58
0701140.jpg,55
1498556.jpg,53
2188154.jpg,55
0183579.jpg,55
0067671.jpg,55
0067036.jpg,55
2211307.jpg,53
1121142.jpg,55
1368334.jpg,55
2184061.jpg,55
0337266.jpg,55
1846150.jpg,55
0382052.jpg,55
1763666.jpg,55
2030599.jpg,55
0798632.jpg,55
1244288.jpg,55
0497534.jpg,55
1446341.jpg,55
2236966.jpg,55
0957983.jpg,55
0257025.jpg,93
0788947.jpg,93
1852201.jpg,53
0713745.jpg,93
0422707.jpg,93
0443893.jpg,53
0706175.jpg,53
0988468.jpg,53
2099419.jpg,93
0781150.jpg,55
1913792.jpg,53
1043795.jpg,93
0977350.jpg,53
1561334.jpg,53
1390305.jpg,53
1692197.jpg,53
1237622.jpg,53
1385341.jpg,53
2122829.jpg,53
1470793.jpg,93
1136124.jpg,93
0081597.jpg,53
1712591.jpg,93
1885830.jpg,53
1320110.jpg,53
2137130.jpg,53
1806234.jpg,53
0900469.jpg,93
2002333.jpg,53
2239287.jpg,53
0710454.jpg,53
0694546.jpg,53
1375368.jpg,53
1818747.jpg,93
1016538.jpg,93
2071807.jpg,93
2047628.jpg,10
1910716.jpg,93
0722225.jpg,93
0292868.jpg,93
1874495.jpg,93
1313348.jpg,93
1476615.jpg,93
1052314.jpg,93
1921783.jpg,93
1353293.jpg,53
1001620.jpg,53
1639843.jpg,93
1361120.jpg,93
0641165.jpg,93
0200422.jpg,93
1189521.jpg,93
0383399.jpg,58
1774010.jpg,93
0840357.jpg,93
1471544.jpg,93
1246918.jpg,93
1948449.jpg,93
0443884.jpg,93
0723572.jpg,53
1582314.jpg,93
0522872.jpg,93
0476825.jpg,93
1133077.jpg,93
0223783.jpg,93
1842042.jpg,93
1326767.jpg,93
1008872.jpg,6
0092334.jpg,6
1009031.jpg,6
0688093.jpg,71
1831093.jpg,6
1707740.jpg,6
0606502.jpg,6
0730970.jpg,6
0962875.jpg,7
1251094.jpg,71
1145144.jpg,6
1842078.jpg,6
0147038.jpg,6
1283510.jpg,6
1281453.jpg,6
0993061.jpg,6
1486682.jpg,6
0928792.jpg,7
0744732.jpg,6
0821422.jpg,7
0151661.jpg,7
0885966.jpg,70
0447749.jpg,7
0476345.jpg,7
0786259.jpg,7
0487356.jpg,7
0365342.jpg,7
0368505.jpg,56
0522830.jpg,71
1099216.jpg,6
0963590.jpg,71
1365495.jpg,71
1879895.jpg,71
0098489.jpg,71
1097975.jpg,71
0454746.jpg,70
2147232.jpg,71
1259556.jpg,71
0487374.jpg,71
2221713.jpg,71
1202048.jpg,7
1325476.jpg,6
0090864.jpg,71
0894208.jpg,71
0367768.jpg,71
0766954.jpg,71
0876439.jpg,71
0983542.jpg,71
1356102.jpg,71
1284239.jpg,71
0336925.jpg,87
0939497.jpg,71
0785021.jpg,70
0065292.jpg,71
1389219.jpg,71
0859029.jpg,6
1387195.jpg,71
1398832.jpg,7
1226606.jpg,71
1828267.jpg,71
0744234.jpg,71
0950401.jpg,71
1566619.jpg,71
2244841.jpg,70
1256464.jpg,70
0425365.jpg,77
0492477.jpg,70
2221710.jpg,70
0056299.jpg,70
1600251.jpg,70
1098953.jpg,70
0983934.jpg,70
2222716.jpg,70
1358854.jpg,70
1143409.jpg,70
1700644.jpg,70
1018463.jpg,70
2047538.jpg,70
0442373.jpg,70
1146172.jpg,70
1514578.jpg,70
1469691.jpg,70
1997878.jpg,70
0766314.jpg,70
0650456.jpg,70
0367973.jpg,70
2079513.jpg,70
1088007.jpg,70
1376174.jpg,6
2091929.jpg,70
1309306.jpg,70
1928510.jpg,70
2197330.jpg,70
1541386.jpg,70
1539525.jpg,70
2224813.jpg,8
0273150.jpg,8
0685368.jpg,8
0523013.jpg,8
0814906.jpg,8
2067977.jpg,8
1713246.jpg,8
1945514.jpg,8
2170854.jpg,8
0923571.jpg,8
0838565.jpg,8
0765781.jpg,8
1107747.jpg,8
1155017.jpg,8
2013757.jpg,8
0694466.jpg,8
0458643.jpg,8
0715299.jpg,57
0496749.jpg,57
0478342.jpg,57
1767104.jpg,57
1534214.jpg,57
1650624.jpg,57
1146631.jpg,57
1910711.jpg,57
0138993.jpg,57
0447753.jpg,57
1647406.jpg,57
1004797.jpg,57
0328231.jpg,57
1256349.jpg,57
1810927.jpg,57
1944650.jpg,57
1297523.jpg,57
1316606.jpg,57
0977347.jpg,57
0313720.jpg,57
0482793.jpg,57
0442375.jpg,57
0469140.jpg,57
1150188.jpg,57
0662343.jpg,57
0428735.jpg,57
1771968.jpg,57
1564943.jpg,57
1156768.jpg,57
1486383.jpg,57
1298912.jpg,57
1629329.jpg,57
0361100.jpg,57
0507837.jpg,57
1703213.jpg,9
2200399.jpg,9
0197363.jpg,10
1383295.jpg,9
1390310.jpg,9
0494862.jpg,9
0179066.jpg,9
1862132.jpg,9
1182368.jpg,9
2197329.jpg,9
1631498.jpg,9
2213535.jpg,9
2132127.jpg,9
0117996.jpg,9
1413233.jpg,10
1382524.jpg,9
0478909.jpg,10
0171401.jpg,10
2239584.jpg,10
0679350.jpg,9
2029863.jpg,10
1327286.jpg,95
2217849.jpg,10
0716370.jpg,10
1601329.jpg,9
0362089.jpg,11
1018873.jpg,10
0067034.jpg,9
0481979.jpg,10
1901133.jpg,10
0068813.jpg,10
1910860.jpg,10
0182729.jpg,95
1708101.jpg,95
1294490.jpg,95
0127058.jpg,95
0552041.jpg,95
1165767.jpg,95
1810723.jpg,95
2026597.jpg,95
2205728.jpg,95
1368863.jpg,95
0837880.jpg,95
1741519.jpg,95
1336856.jpg,95
1182360.jpg,95
1031445.jpg,95
2004856.jpg,95
1980188.jpg,95
0835837.jpg,11
1476102.jpg,95
2215846.jpg,95
1006793.jpg,95
0931734.jpg,95
0768173.jpg,95
0476351.jpg,95
0151672.jpg,95
2083668.jpg,95
1582400.jpg,95
1607459.jpg,95
1740623.jpg,95
1913767.jpg,95
1976400.jpg,95
0338174.jpg,95
1546804.jpg,95
1027002.jpg,95
0487358.jpg,11
2075625.jpg,11
0469128.jpg,11
2176725.jpg,11
1228882.jpg,11
2103110.jpg,11
1095676.jpg,11
0752124.jpg,11
2234650.jpg,11
0732201.jpg,11
1847312.jpg,11
1795133.jpg,11
2110536.jpg,11
0658068.jpg,11
1146233.jpg,11
1696058.jpg,11
1514936.jpg,11
1234647.jpg,11
0240319.jpg,11
2200425.jpg,11
1418227.jpg,86
2044875.jpg,86
1936431.jpg,86
1787739.jpg,86
1330831.jpg,86
2106885.jpg,86
2221303.jpg,86
2130084.jpg,11
2081094.jpg,86
2013756.jpg,86
1496408.jpg,86
1790501.jpg,86
2244063.jpg,86
1505793.jpg,86
1810920.jpg,86
1891190.jpg,86
2119860.jpg,86
2069690.jpg,86
1627991.jpg,86
0123344.jpg,86
2204922.jpg,86
2104765.jpg,8
2044277.jpg,86
2035343.jpg,86
1606745.jpg,86
1246993.jpg,86
1557747.jpg,86
1763802.jpg,86
2029861.jpg,86
1913641.jpg,86
1604058.jpg,86
1191065.jpg,86
1606594.jpg,86
1113588.jpg,12
0447940.jpg,12
0584536.jpg,12
0116704.jpg,12
0071197.jpg,12
0768404.jpg,12
0063290.jpg,87
0482796.jpg,12
1559371.jpg,12
0346147.jpg,12
1255726.jpg,12
1013519.jpg,12
0483243.jpg,12
0907390.jpg,12
1088805.jpg,12
1609206.jpg,12
1906074.jpg,12
0523221.jpg,12
1621237.jpg,13
1561989.jpg,13
1013358.jpg,13
0853397.jpg,13
0618871.jpg,13
0765780.jpg,13
2084806.jpg,13
0487316.jpg,13
0181735.jpg,13
0114420.jpg,13
0215875.jpg,13
2175624.jpg,13
1486858.jpg,13
1831097.jpg,13
1270583.jpg,13
0396589.jpg,13
0934705.jpg,14
2098098.jpg,14
1351410.jpg,14
1945366.jpg,15
1165189.jpg,14
1539428.jpg,15
1658655.jpg,14
1639831.jpg,14
1355236.jpg,14
1376172.jpg,14
1103086.jpg,14
1191117.jpg,15
1396939.jpg,14
1757004.jpg,15
1237633.jpg,15
1483441.jpg,15
0709185.jpg,15
1363952.jpg,98
0625763.jpg,98
1003143.jpg,98
1105737.jpg,15
1818746.jpg,15
1300487.jpg,98
0939503.jpg,15
2088369.jpg,15
1102381.jpg,98
0090861.jpg,98
1221957.jpg,0
0147032.jpg,98
0232377.jpg,98
2057952.jpg,98
0857653.jpg,98
0115072.jpg,98
1641331.jpg,98
0367794.jpg,59
0304209.jpg,98
2261957.jpg,98
1586478.jpg,98
1833079.jpg,98
1008426.jpg,98
0205775.jpg,98
0237111.jpg,98
1553898.jpg,98
2152856.jpg,98
0829997.jpg,98
0075759.jpg,98
1389257.jpg,98
0625402.jpg,98
2137087.jpg,98
0274254.jpg,98
2236969.jpg,98
1293019.jpg,98
1110808.jpg,98
0849417.jpg,98
0973290.jpg,59
0523031.jpg,98
0257282.jpg,98
2096354.jpg,98
2040683.jpg,59
0684603.jpg,8
2206288.jpg,59
0625762.jpg,59
2031397.jpg,59
1000045.jpg,59
2195127.jpg,59
2008019.jpg,59
0434343.jpg,59
1616512.jpg,59
0410062.jpg,59
0547318.jpg,59
1958762.jpg,59
0523050.jpg,59
1879898.jpg,59
2168926.jpg,59
0367993.jpg,59
0076836.jpg,59
1568879.jpg,59
1332663.jpg,59
1154702.jpg,59
1645748.jpg,59
1218795.jpg,59
0062131.jpg,59
1599803.jpg,59
1768769.jpg,59
0684562.jpg,59
1079168.jpg,59
2226325.jpg,59
0851313.jpg,59
0523001.jpg,59
2221573.jpg,59
0939608.jpg,59
1539325.jpg,16
1461298.jpg,16
2096236.jpg,16
2131538.jpg,63
1376301.jpg,16
0273146.jpg,16
0974301.jpg,16
1549128.jpg,16
1917518.jpg,17
0977515.jpg,16
2099421.jpg,16
1880805.jpg,16
0225212.jpg,16
1616481.jpg,16
2260895.jpg,17
0684608.jpg,16
0675670.jpg,16
1936773.jpg,16
1027573.jpg,17
1939758.jpg,17
1251253.jpg,17
1584962.jpg,17
1979066.jpg,17
2147234.jpg,17
0175819.jpg,17
1540121.jpg,17
0714155.jpg,17
0824047.jpg,17
0237414.jpg,18
0077196.jpg,19
1568114.jpg,18
0897300.jpg,63
0295746.jpg,18
0245219.jpg,18
0187671.jpg,18
0241450.jpg,18
1571964.jpg,18
1507531.jpg,18
1111277.jpg,18
0062258.jpg,19
1234832.jpg,18
0447785.jpg,18
0918184.jpg,63
0301967.jpg,19
0140272.jpg,18
0996579.jpg,19
0151678.jpg,19
1413317.jpg,19
0529811.jpg,19
0066413.jpg,18
0076845.jpg,19
1335195.jpg,19
1872634.jpg,19
0942763.jpg,18
2068053.jpg,18
0454595.jpg,19
0738965.jpg,18
1240324.jpg,19
1719561.jpg,19
1469661.jpg,19
0175821.jpg,19
1922848.jpg,19
1013667.jpg,63
1858302.jpg,63
1062482.jpg,63
1857215.jpg,63
0807870.jpg,63
1285638.jpg,63
0819084.jpg,63
2049626.jpg,63
0803689.jpg,63
0745521.jpg,67
1701067.jpg,63
0796416.jpg,67
1706716.jpg,63
1633998.jpg,63
0776777.jpg,63
1081563.jpg,63
2044905.jpg,63
1753485.jpg,63
0996410.jpg,63
0996453.jpg,63
1469672.jpg,63
1417964.jpg,63
0885622.jpg,63
1152283.jpg,67
1758713.jpg,63
1046881.jpg,63
1830876.jpg,63
1103339.jpg,63
0710652.jpg,67
0509541.jpg,63
1469709.jpg,67
0727643.jpg,63
1567881.jpg,63
1457710.jpg,67
0570728.jpg,67
1380666.jpg,67
1263090.jpg,67
1555715.jpg,67
0466768.jpg,18
1204296.jpg,67
1926827.jpg,67
1426948.jpg,67
1218924.jpg,67
2063809.jpg,67
0469779.jpg,67
1390327.jpg,67
0418967.jpg,67
0369472.jpg,67
1883790.jpg,67
1495298.jpg,67
1619902.jpg,67
1525660.jpg,67
1758483.jpg,67
1206453.jpg,67
1840139.jpg,67
1420117.jpg,67
2260088.jpg,67
1471167.jpg,67
1823702.jpg,67
1088600.jpg,67
1484701.jpg,67
1567292.jpg,67
1921777.jpg,67
1723906.jpg,67
1111113.jpg,67
1055150.jpg,63
2220792.jpg,20
1617649.jpg,20
2089280.jpg,20
2251120.jpg,20
2235142.jpg,20
1891187.jpg,20
1368055.jpg,20
2032511.jpg,20
2239301.jpg,20
1840423.jpg,20
1584021.jpg,20
1230040.jpg,20
1531175.jpg,20
1973442.jpg,20
2067948.jpg,20
0724121.jpg,92
0619697.jpg,92
2243949.jpg,92
0097110.jpg,92
0851153.jpg,92
1143414.jpg,92
0574292.jpg,92
1093637.jpg,92
2026727.jpg,92
0833334.jpg,92
0136181.jpg,92
0442919.jpg,92
1426059.jpg,92
0454780.jpg,92
1726753.jpg,92
1557910.jpg,92
0353522.jpg,92
0064202.jpg,92
0901370.jpg,92
0673361.jpg,92
0091356.jpg,92
1563459.jpg,92
1890576.jpg,92
0967812.jpg,92
0874829.jpg,92
1883803.jpg,92
1122472.jpg,92
0967830.jpg,92
0383876.jpg,92
0848058.jpg,92
0167073.jpg,92
0562558.jpg,92
1110774.jpg,92
2222405.jpg,96
2072219.jpg,96
0064891.jpg,96
1864787.jpg,96
2080563.jpg,96
1459120.jpg,96
0155603.jpg,96
2206628.jpg,96
1408802.jpg,96
1542796.jpg,96
2132459.jpg,96
0732747.jpg,96
1838529.jpg,96
0447777.jpg,96
2096267.jpg,70
1798654.jpg,96
0783933.jpg,96
0454747.jpg,96
1325112.jpg,96
1539422.jpg,96
1336451.jpg,96
0332910.jpg,96
0182178.jpg,96
1256475.jpg,96
2018709.jpg,96
1223346.jpg,96
2262511.jpg,96
1681022.jpg,96
0614080.jpg,96
0136161.jpg,96
1521101.jpg,96
0957905.jpg,96
1251240.jpg,96
0732118.jpg,21
0523179.jpg,21
0765604.jpg,21
1581712.jpg,21
1163810.jpg,21
0572863.jpg,21
0738259.jpg,21
0852361.jpg,21
0799596.jpg,21
0582365.jpg,21
2259875.jpg,21
1159626.jpg,23
1543693.jpg,22
0923708.jpg,22
0136165.jpg,22
1277986.jpg,22
1193030.jpg,22
1158113.jpg,22
0143389.jpg,22
1933201.jpg,22
1358106.jpg,23
0957225.jpg,22
0143373.jpg,22
1192235.jpg,22
0662510.jpg,22
1084922.jpg,22
2126018.jpg,22
0979659.jpg,22
0136182.jpg,22
0719827.jpg,22
0992232.jpg,22
1386685.jpg,22
0890939.jpg,23
0936618.jpg,23
0809054.jpg,22
1331909.jpg,22
0917712.jpg,22
0136162.jpg,23
0134597.jpg,22
0350203.jpg,23
0077518.jpg,22
1983851.jpg,23
0167122.jpg,22
1829586.jpg,23
0273083.jpg,23
1104208.jpg,23
0065577.jpg,23
1918305.jpg,22
1001973.jpg,24
1099011.jpg,24
0361575.jpg,24
0550468.jpg,24
1070335.jpg,24
1006795.jpg,24
1030259.jpg,24
0275249.jpg,24
1216808.jpg,24
1926848.jpg,24
1124594.jpg,24
1662815.jpg,24
0853775.jpg,24
1228464.jpg,24
2094357.jpg,24
1359885.jpg,24
0463096.jpg,24
1630487.jpg,50
1355201.jpg,50
0202466.jpg,50
1326007.jpg,50
0169310.jpg,50
0048340.jpg,50
1455997.jpg,50
1043369.jpg,50
0447803.jpg,50
1564412.jpg,50
1355200.jpg,50
1772155.jpg,50
1548200.jpg,50
0356149.jpg,50
1036822.jpg,50
1540395.jpg,50
0179022.jpg,50
0636482.jpg,50
0063286.jpg,50
0751325.jpg,50
1239223.jpg,50
1376991.jpg,50
1094916.jpg,50
0299647.jpg,50
0147028.jpg,50
0957980.jpg,50
1052486.jpg,50
0174885.jpg,50
1422830.jpg,50
1484700.jpg,50
1018861.jpg,50
1713232.jpg,50
0064904.jpg,50
2017851.jpg,25
0302019.jpg,25
2116194.jpg,25
1022382.jpg,25
1323660.jpg,25
1094687.jpg,25
0573368.jpg,25
2003241.jpg,25
0875560.jpg,25
2240254.jpg,25
0918557.jpg,25
2171061.jpg,25
1098956.jpg,25
0233765.jpg,25
0500443.jpg,94
2236360.jpg,82
1351195.jpg,25
0279936.jpg,25
0960135.jpg,94
1522867.jpg,84
0774035.jpg,84
1364712.jpg,84
1085194.jpg,84
1414395.jpg,84
1794564.jpg,84
1033590.jpg,84
0939510.jpg,84
2260054.jpg,84
0967838.jpg,84
0773222.jpg,84
0280348.jpg,84
1940180.jpg,84
1543648.jpg,84
1931897.jpg,84
2049579.jpg,84
0434345.jpg,84
0771762.jpg,84
1404391.jpg,84
1196802.jpg,84
0610659.jpg,84
1534869.jpg,84
0573367.jpg,84
0875344.jpg,84
0962825.jpg,84
0772253.jpg,84
1522562.jpg,84
0958085.jpg,84
1373821.jpg,84
0883339.jpg,84
1055698.jpg,84
0978113.jpg,84
0977928.jpg,84
1048528.jpg,84
0422859.jpg,26
0174884.jpg,26
0573369.jpg,26
0704643.jpg,26
1461334.jpg,26
1619369.jpg,33
0458675.jpg,26
1287590.jpg,33
0336316.jpg,26
1383371.jpg,26
0576251.jpg,26
1023003.jpg,74
1278429.jpg,33
1036801.jpg,26
0362859.jpg,27
2184006.jpg,27
0235626.jpg,27
1037465.jpg,27
0184899.jpg,27
0275729.jpg,27
1379571.jpg,27
0136184.jpg,27
1355445.jpg,27
1700606.jpg,27
0523218.jpg,27
2031889.jpg,27
2123951.jpg,27
1204184.jpg,27
0340217.jpg,27
0130598.jpg,27
2243380.jpg,28
1189525.jpg,28
2189858.jpg,28
0955449.jpg,28
1243371.jpg,28
0435289.jpg,28
1249564.jpg,28
2059195.jpg,28
0476813.jpg,28
2070642.jpg,28
2024691.jpg,28
0728571.jpg,28
0929800.jpg,28
1719820.jpg,28
1232502.jpg,28
1647811.jpg,29
1503445.jpg,28
1763779.jpg,29
1055154.jpg,29
1058493.jpg,29
1663301.jpg,29
2193787.jpg,29
1623412.jpg,29
2090708.jpg,29
1558772.jpg,29
1861594.jpg,29
1113449.jpg,29
2221719.jpg,29
1923371.jpg,30
1647142.jpg,30
1028490.jpg,30
1172360.jpg,30
1488620.jpg,30
1287207.jpg,30
1683150.jpg,30
0896106.jpg,30
0974654.jpg,30
0509496.jpg,30
0890644.jpg,30
1709268.jpg,30
2180098.jpg,30
0747557.jpg,30
1726480.jpg,30
0789704.jpg,31
0323097.jpg,31
0602762.jpg,31
0184369.jpg,31
1017972.jpg,31
1036821.jpg,31
1785533.jpg,31
0851157.jpg,31
1156006.jpg,31
1345203.jpg,31
1540297.jpg,31
0301977.jpg,31
2066265.jpg,51
1737573.jpg,51
1767578.jpg,51
1936341.jpg,51
0466917.jpg,51
1351592.jpg,51
1646257.jpg,51
2073069.jpg,51
2066882.jpg,51
0093500.jpg,51
1774335.jpg,51
1768891.jpg,51
1675548.jpg,51
1601572.jpg,51
1878581.jpg,51
1681554.jpg,51
1050675.jpg,51
2040355.jpg,51
1921500.jpg,51
1806229.jpg,51
1135961.jpg,51
1060984.jpg,51
1066523.jpg,51
1824499.jpg,51
1694806.jpg,51
1807111.jpg,51
1560577.jpg,51
1882581.jpg,51
1818166.jpg,51
1047759.jpg,51
1686421.jpg,51
1550758.jpg,51
1960029.jpg,51
0521262.jpg,89
1943161.jpg,89
1806232.jpg,89
1401605.jpg,89
2036176.jpg,89
1689673.jpg,89
1889545.jpg,89
1034888.jpg,89
1239645.jpg,89
0524795.jpg,89
1571317.jpg,89
1585256.jpg,89
0759286.jpg,89
2231272.jpg,89
2139323.jpg,89
0584541.jpg,89
1468804.jpg,89
1158577.jpg,89
2139677.jpg,89
0781149.jpg,89
1672431.jpg,89
1084078.jpg,89
1042331.jpg,89
1398168.jpg,89
1897992.jpg,89
2175260.jpg,89
1900831.jpg,89
1726483.jpg,89
1037834.jpg,89
0526028.jpg,89
1033949.jpg,89
1970744.jpg,89
1312509.jpg,89
0440694.jpg,79
1053532.jpg,79
0637453.jpg,79
1099168.jpg,79
1312523.jpg,79
0905853.jpg,79
1846149.jpg,79
1062392.jpg,79
0239592.jpg,79
1527514.jpg,79
0043892.jpg,79
1806211.jpg,79
1685190.jpg,79
1071955.jpg,79
2091949.jpg,79
1254187.jpg,79
1833885.jpg,79
1447563.jpg,79
1341992.jpg,79
2137132.jpg,79
2162362.jpg,79
1037167.jpg,79
1468807.jpg,79
2045491.jpg,79
1387066.jpg,79
1398927.jpg,79
1966540.jpg,79
1943166.jpg,79
1995036.jpg,79
1341989.jpg,79
0781272.jpg,79
2072257.jpg,79
1132237.jpg,79
0979466.jpg,79
0985789.jpg,32
0677584.jpg,32
0847480.jpg,32
0523171.jpg,32
1707735.jpg,32
0102237.jpg,32
1153404.jpg,77
0195749.jpg,87
1288663.jpg,32
0894321.jpg,32
1523369.jpg,87
1344995.jpg,32
0209555.jpg,32
0065834.jpg,32
0171956.jpg,77
2178266.jpg,33
1335117.jpg,33
0554595.jpg,33
1907013.jpg,33
0572858.jpg,26
0551410.jpg,33
1569049.jpg,26
0960175.jpg,33
0692381.jpg,33
2142087.jpg,26
1543036.jpg,26
1542798.jpg,26
0548480.jpg,33
0768395.jpg,33
1002458.jpg,33
0773533.jpg,26
1509369.jpg,33
0564013.jpg,74
1036701.jpg,74
1723103.jpg,74
0538259.jpg,74
0554933.jpg,74
0564624.jpg,74
0539186.jpg,74
0548883.jpg,74
0280174.jpg,74
0730399.jpg,74
1335215.jpg,74
1418871.jpg,74
0568994.jpg,74
0773019.jpg,74
0920945.jpg,74
0796296.jpg,74
0586041.jpg,74
1763588.jpg,74
0489934.jpg,74
1588561.jpg,74
0554716.jpg,74
0598378.jpg,74
1316961.jpg,74
0091297.jpg,74
0564009.jpg,74
1527556.jpg,74
1036806.jpg,74
0920422.jpg,74
1945292.jpg,74
1601486.jpg,74
0174896.jpg,74
1767100.jpg,74
0586769.jpg,74
0593152.jpg,74
0174901.jpg,90
0547507.jpg,90
0593168.jpg,90
1018931.jpg,90
1309052.jpg,90
0792200.jpg,90
0109461.jpg,90
0062662.jpg,90
0723126.jpg,90
1514524.jpg,90
1338156.jpg,90
0564160.jpg,90
0880575.jpg,90
0593173.jpg,90
1314561.jpg,90
0116710.jpg,90
0901456.jpg,90
0147042.jpg,90
1927216.jpg,90
0353524.jpg,90
0593170.jpg,90
0735040.jpg,90
1014104.jpg,90
0901460.jpg,90
0546334.jpg,90
0901474.jpg,90
0547003.jpg,90
1049867.jpg,90
0782914.jpg,90
0606501.jpg,90
0967847.jpg,90
0171412.jpg,90
1443523.jpg,90
0449728.jpg,34
1296245.jpg,34
0093514.jpg,34
0996336.jpg,34
0062255.jpg,25
0114430.jpg,34
1773370.jpg,34
0078550.jpg,34
0738966.jpg,34
0732526.jpg,34
0065221.jpg,34
0302650.jpg,34
0174937.jpg,34
1196996.jpg,34
0750589.jpg,34
0746111.jpg,34
1667009.jpg,34
0907367.jpg,34
0923417.jpg,56
0901350.jpg,34
1369849.jpg,35
2132956.jpg,35
1999287.jpg,35
1253432.jpg,35
1551547.jpg,35
0787578.jpg,35
1265381.jpg,35
1974802.jpg,35
2195779.jpg,35
2211337.jpg,35
1001821.jpg,35
1855552.jpg,35
1849520.jpg,35
0820512.jpg,35
1914385.jpg,35
1647139.jpg,35
1924286.jpg,35
1378088.jpg,36
0765020.jpg,36
1778940.jpg,36
1380455.jpg,36
1032474.jpg,36
2116803.jpg,36
0653292.jpg,36
1705402.jpg,36
2026690.jpg,36
1940512.jpg,36
0731604.jpg,36
1534866.jpg,36
1172147.jpg,36
1384548.jpg,36
1370455.jpg,36
1901546.jpg,36
1592073.jpg,36
1386022.jpg,36
1448765.jpg,36
1922541.jpg,36
2004745.jpg,66
0773536.jpg,66
2008455.jpg,66
2003456.jpg,66
1943367.jpg,66
2096269.jpg,66
1992245.jpg,66
1991750.jpg,66
1449320.jpg,66
1900936.jpg,66
0735020.jpg,66
1023007.jpg,66
1053560.jpg,66
1999875.jpg,66
1998935.jpg,66
0540390.jpg,66
2010325.jpg,66
1384617.jpg,66
1158572.jpg,66
0843965.jpg,66
1992133.jpg,66
1997802.jpg,66
0734769.jpg,66
0302001.jpg,66
0848059.jpg,66
1158573.jpg,66
2005091.jpg,66
2008454.jpg,66
2000356.jpg,66
1992126.jpg,66
2010474.jpg,66
0687278.jpg,66
0777090.jpg,66
0069770.jpg,80
0167123.jpg,80
1097300.jpg,80
1194995.jpg,80
0114402.jpg,80
0082492.jpg,80
1272644.jpg,80
0157159.jpg,80
2057958.jpg,80
0907363.jpg,80
1149052.jpg,80
0302038.jpg,80
0296013.jpg,80
0685134.jpg,80
0362888.jpg,80
0630229.jpg,80
1043778.jpg,80
1003141.jpg,80
0093513.jpg,80
0064627.jpg,80
0161728.jpg,80
0114425.jpg,80
1192103.jpg,80
0573292.jpg,80
1412618.jpg,80
0713740.jpg,80
0127502.jpg,80
1683145.jpg,80
1028704.jpg,80
1169726.jpg,80
1891667.jpg,80
0097113.jpg,80
0302923.jpg,80
1031455.jpg,80
1637519.jpg,62
0127501.jpg,62
2125161.jpg,62
2191947.jpg,62
2147230.jpg,62
0822062.jpg,62
2171042.jpg,62
1188112.jpg,62
1219389.jpg,62
2264968.jpg,62
0062697.jpg,62
0763430.jpg,62
1656419.jpg,62
2251230.jpg,62
1121273.jpg,80
1714818.jpg,62
1736150.jpg,62
1144436.jpg,62
0136179.jpg,62
1043793.jpg,62
0460483.jpg,62
2106882.jpg,62
0383680.jpg,62
0732415.jpg,62
1548444.jpg,62
1870570.jpg,62
1043724.jpg,62
1538836.jpg,62
0979645.jpg,62
1465203.jpg,62
1444145.jpg,62
0835324.jpg,62
1709677.jpg,62
1150085.jpg,76
1223202.jpg,76
1513134.jpg,76
1283207.jpg,76
0780677.jpg,76
2236316.jpg,76
1773350.jpg,76
1365858.jpg,76
2259663.jpg,76
1634649.jpg,76
1837336.jpg,76
1234230.jpg,76
1521506.jpg,76
1460096.jpg,76
1001812.jpg,76
1222829.jpg,76
2231709.jpg,76
1606079.jpg,76
1915068.jpg,76
1318818.jpg,76
1366121.jpg,76
1670610.jpg,76
1563889.jpg,76
2229412.jpg,76
1666989.jpg,76
1698129.jpg,76
1408695.jpg,76
2185726.jpg,76
1726551.jpg,76
1374642.jpg,76
1637925.jpg,76
1382204.jpg,76
1540006.jpg,76
1122822.jpg,37
0517625.jpg,37
0492492.jpg,37
0997581.jpg,37
1895014.jpg,37
0522914.jpg,37
2169272.jpg,37
1693197.jpg,37
0465268.jpg,37
1228463.jpg,37
1938172.jpg,37
1227101.jpg,38
0905078.jpg,38
1052982.jpg,38
1132242.jpg,38
1913803.jpg,38
1548402.jpg,38
1253163.jpg,38
1870652.jpg,38
0832778.jpg,38
1277631.jpg,38
0907298.jpg,38
1260870.jpg,63
1420069.jpg,39
2162833.jpg,39
1554632.jpg,39
2013250.jpg,39
1949040.jpg,39
2054455.jpg,40
2251900.jpg,39
1541263.jpg,40
2115317.jpg,39
2060454.jpg,88
1258502.jpg,39
1519814.jpg,40
1932450.jpg,39
1658463.jpg,39
2240720.jpg,39
2264793.jpg,40
1777801.jpg,40
1551125.jpg,40
1650653.jpg,40
1829675.jpg,40
2188151.jpg,40
1736158.jpg,40
2222240.jpg,40
1828262.jpg,40
2227561.jpg,59
1519022.jpg,40
1619847.jpg,40
2154734.jpg,39
1176910.jpg,40
2123883.jpg,40
1779182.jpg,40
1163999.jpg,40
2058486.jpg,40
0154392.jpg,41
0880595.jpg,41
1244620.jpg,41
0999159.jpg,41
0897305.jpg,41
1407503.jpg,41
0448054.jpg,41
1776805.jpg,41
0697383.jpg,41
1222195.jpg,41
0979652.jpg,41
0202431.jpg,41
0316509.jpg,41
0457890.jpg,41
1519466.jpg,41
0422704.jpg,61
1217294.jpg,61
0909665.jpg,75
1550821.jpg,61
1746036.jpg,61
1025168.jpg,61
1475361.jpg,61
1954835.jpg,61
0285462.jpg,61
0961756.jpg,61
1399596.jpg,61
1956503.jpg,61
1429072.jpg,61
0227131.jpg,61
0842124.jpg,61
1204260.jpg,61
1299912.jpg,61
1414284.jpg,61
1699127.jpg,61
1162898.jpg,61
0227129.jpg,61
2164986.jpg,61
0457843.jpg,61
2020296.jpg,61
1554094.jpg,61
1223347.jpg,61
2153514.jpg,61
0100211.jpg,61
1815884.jpg,61
1332077.jpg,61
1924170.jpg,61
1129151.jpg,61
0692098.jpg,61
0576246.jpg,75
1545195.jpg,75
0295742.jpg,75
1468398.jpg,75
1931060.jpg,75
0701142.jpg,75
2173590.jpg,75
1503758.jpg,75
1345199.jpg,75
0767540.jpg,75
2003270.jpg,75
1246013.jpg,75
2096085.jpg,75
1404675.jpg,61
1782070.jpg,75
0185324.jpg,75
1341834.jpg,75
1550713.jpg,75
1054078.jpg,75
0396527.jpg,75
1073073.jpg,75
0842353.jpg,75
1302786.jpg,75
1287650.jpg,75
0067670.jpg,75
1304093.jpg,61
0800636.jpg,75
1376551.jpg,75
0331433.jpg,75
1730979.jpg,75
1357956.jpg,75
1114210.jpg,75
1338266.jpg,75
0440696.jpg,75
1378765.jpg,85
1753489.jpg,85
1736103.jpg,85
0985695.jpg,85
2091945.jpg,85
1834825.jpg,85
1169797.jpg,85
0758132.jpg,85
2205702.jpg,85
0993510.jpg,85
1043777.jpg,85
1476103.jpg,85
1387200.jpg,85
1605154.jpg,85
1420606.jpg,85
1602123.jpg,85
1714826.jpg,85
1471734.jpg,85
1539360.jpg,85
2123927.jpg,85
1068361.jpg,85
1686428.jpg,85
1599938.jpg,85
1807123.jpg,85
1834788.jpg,85
1429177.jpg,85
1312876.jpg,85
1204185.jpg,85
0794898.jpg,85
1560946.jpg,85
1535182.jpg,85
2180061.jpg,85
2020515.jpg,85
2258768.jpg,42
1660305.jpg,42
1940255.jpg,42
2185361.jpg,42
1556013.jpg,42
1303850.jpg,42
1499561.jpg,42
1496924.jpg,42
2136384.jpg,42
1946038.jpg,42
1251381.jpg,42
1707110.jpg,42
1373009.jpg,42
2157819.jpg,42
1639456.jpg,42
1245051.jpg,42
0877089.jpg,42
0735402.jpg,73
1307230.jpg,73
1223924.jpg,73
1564426.jpg,73
0934121.jpg,73
1499817.jpg,73
0736498.jpg,73
2136394.jpg,73
2118954.jpg,73
2147025.jpg,73
2243568.jpg,73
1754078.jpg,73
1596393.jpg,73
1601715.jpg,73
2114079.jpg,73
2145444.jpg,73
1588718.jpg,73
1196995.jpg,73
1123669.jpg,73
1364706.jpg,73
1259625.jpg,73
1223797.jpg,73
1476963.jpg,73
1706712.jpg,73
1463710.jpg,73
1613947.jpg,73
2123710.jpg,73
1592597.jpg,73
2114113.jpg,73
1922017.jpg,73
2123565.jpg,73
1552593.jpg,73
0737605.jpg,73
1588720.jpg,73
1987430.jpg,43
1725766.jpg,43
1987891.jpg,43
1379035.jpg,43
0874281.jpg,43
1351642.jpg,43
1401767.jpg,43
1842075.jpg,43
1416499.jpg,43
1418311.jpg,43
1889550.jpg,43
1378673.jpg,43
1254668.jpg,43
1807128.jpg,43
1082464.jpg,43
1230192.jpg,43
1283304.jpg,43
1592610.jpg,43
2057965.jpg,60
1385076.jpg,60
1198138.jpg,60
0154349.jpg,60
2044258.jpg,60
1795562.jpg,60
1943176.jpg,60
0990061.jpg,60
1154703.jpg,60
1311585.jpg,60
2139321.jpg,60
1412287.jpg,60
1846142.jpg,60
1560576.jpg,60
1906084.jpg,60
1795170.jpg,60
2036174.jpg,60
0468262.jpg,60
0781154.jpg,60
2097519.jpg,60
2090707.jpg,60
2119147.jpg,60
1013061.jpg,60
0547519.jpg,60
1296886.jpg,60
0081864.jpg,60
0848170.jpg,60
1864276.jpg,60
1194597.jpg,60
1355436.jpg,60
1931136.jpg,60
1907482.jpg,60
1824515.jpg,60
1344015.jpg,69
0716336.jpg,69
0085358.jpg,69
2173877.jpg,69
1256114.jpg,69
2057396.jpg,69
1062485.jpg,69
1518449.jpg,69
0384439.jpg,69
1231578.jpg,69
1031647.jpg,69
2033054.jpg,69
1774329.jpg,69
1154960.jpg,69
1878591.jpg,69
1792325.jpg,69
1291351.jpg,69
1726555.jpg,69
1582906.jpg,69
0753075.jpg,69
1550113.jpg,69
0233772.jpg,69
1677382.jpg,69
0677164.jpg,69
1187247.jpg,69
1707576.jpg,69
1900832.jpg,69
0550418.jpg,69
0299620.jpg,69
1611166.jpg,69
2137164.jpg,69
1857537.jpg,69
1062012.jpg,69
1395373.jpg,69
1133688.jpg,44
1611222.jpg,44
1979428.jpg,88
0900486.jpg,44
1745719.jpg,44
1146230.jpg,44
0907347.jpg,44
0958618.jpg,44
0399871.jpg,44
0074517.jpg,44
1115404.jpg,44
1772714.jpg,44
2031390.jpg,44
0182735.jpg,44
0675672.jpg,44
0890795.jpg,44
0069769.jpg,45
1383407.jpg,45
2253229.jpg,45
1260869.jpg,80
1298772.jpg,45
0127633.jpg,45
1756560.jpg,45
1124999.jpg,45
1099957.jpg,45
1132238.jpg,45
0062695.jpg,45
0812097.jpg,45
0927837.jpg,45
0134595.jpg,45
2106315.jpg,45
1879896.jpg,45
0845910.jpg,88
2189987.jpg,88
1704824.jpg,88
1299601.jpg,88
0418567.jpg,88
1204183.jpg,88
1681635.jpg,88
1379781.jpg,88
1044385.jpg,88
1385519.jpg,88
0842533.jpg,88
1190655.jpg,88
1240934.jpg,88
1521758.jpg,88
0467450.jpg,88
1772014.jpg,88
0192624.jpg,88
1626921.jpg,88
1558572.jpg,88
1361692.jpg,88
1540816.jpg,88
0136150.jpg,88
1789443.jpg,88
1329309.jpg,88
0989702.jpg,88
0394154.jpg,88
1893205.jpg,88
1296002.jpg,88
1521075.jpg,88
0872249.jpg,88
2209492.jpg,88
1148895.jpg,88
0792288.jpg,88
0525838.jpg,88
0518626.jpg,46
1315041.jpg,46
2226825.jpg,46
1276405.jpg,46
1048552.jpg,46
1409998.jpg,46
2101652.jpg,46
0298506.jpg,46
1004738.jpg,46
1430003.jpg,46
2168375.jpg,46
2188615.jpg,46
1233588.jpg,46
0864334.jpg,46
2127999.jpg,46
1276526.jpg,46
1311582.jpg,46
2206143.jpg,46
1800217.jpg,46
1449103.jpg,54
2245399.jpg,54
1276727.jpg,54
1833904.jpg,54
1345040.jpg,54
0851156.jpg,54
2088351.jpg,54
1943356.jpg,54
1195689.jpg,54
1311421.jpg,54
2170301.jpg,54
1100739.jpg,54
1498679.jpg,54
1054081.jpg,54
1093824.jpg,54
1092415.jpg,54
0977899.jpg,54
1410102.jpg,54
1410104.jpg,54
1111016.jpg,54
0497639.jpg,54
0497894.jpg,54
1680778.jpg,54
0072480.jpg,54
1700389.jpg,54
0514738.jpg,54
1113385.jpg,54
2136369.jpg,54
1198329.jpg,54
1857541.jpg,54
1379818.jpg,54
0447806.jpg,54
2197895.jpg,54
1563038.jpg,91
1957106.jpg,91
1605637.jpg,91
1715316.jpg,91
1447127.jpg,91
0913940.jpg,91
1166589.jpg,91
2180833.jpg,91
1908679.jpg,91
0868105.jpg,91
1534376.jpg,91
0781152.jpg,91
2019594.jpg,91
1347626.jpg,91
1865143.jpg,91
1008569.jpg,91
2137160.jpg,91
1290539.jpg,91
0718915.jpg,91
0555526.jpg,91
1672425.jpg,91
1749597.jpg,91
1702899.jpg,91
0275671.jpg,91
2041416.jpg,91
1215515.jpg,91
1098609.jpg,91
1053425.jpg,91
1420523.jpg,91
1857543.jpg,91
0517785.jpg,91
1311419.jpg,91
2106202.jpg,91
0497885.jpg,91
1606078.jpg,81
1736177.jpg,81
0935016.jpg,81
2172310.jpg,81
1476339.jpg,81
2223255.jpg,81
1911427.jpg,81
1678522.jpg,81
1452537.jpg,81
1822339.jpg,81
1244756.jpg,81
1677053.jpg,81
1477073.jpg,81
0961972.jpg,81
1976055.jpg,81
0893717.jpg,81
1082296.jpg,81
1244760.jpg,81
1615575.jpg,81
1551549.jpg,81
2165386.jpg,81
1248046.jpg,81
1736242.jpg,81
2176625.jpg,81
0554994.jpg,81
0877683.jpg,81
1574584.jpg,81
1472586.jpg,81
1244468.jpg,81
2018705.jpg,81
0934118.jpg,81
1859253.jpg,81
0685277.jpg,81
1002202.jpg,68
1008573.jpg,68
1065592.jpg,68
0895159.jpg,68
1999871.jpg,68
1682062.jpg,68
0746098.jpg,68
1273374.jpg,68
1050578.jpg,68
1617995.jpg,68
0434362.jpg,68
1826520.jpg,68
1202520.jpg,68
1033762.jpg,68
0577854.jpg,68
0737312.jpg,68
0979868.jpg,68
1063985.jpg,68
0582371.jpg,68
0811679.jpg,68
0817490.jpg,68
0522959.jpg,68
1313042.jpg,68
0576249.jpg,68
1066875.jpg,68
1723913.jpg,68
0757186.jpg,68
0523181.jpg,68
0758789.jpg,68
1869866.jpg,68
0781670.jpg,68
0523184.jpg,68
0576236.jpg,68
0602750.jpg,32
1002747.jpg,87
0391023.jpg,87
1042661.jpg,87
0923717.jpg,87
0901522.jpg,87
0500439.jpg,77
0174893.jpg,87
0783899.jpg,87
0136158.jpg,87
0829994.jpg,87
0564173.jpg,87
0066409.jpg,87
1428219.jpg,87
0188412.jpg,87
1200650.jpg,87
0869717.jpg,87
0478340.jpg,87
0218848.jpg,87
1277604.jpg,87
0681040.jpg,87
0063277.jpg,87
0907389.jpg,87
1079167.jpg,87
1287739.jpg,32
0536306.jpg,87
1010683.jpg,87
0829650.jpg,87
0066411.jpg,87
0901529.jpg,87
0689282.jpg,87
0880574.jpg,87
0723207.jpg,87
0517837.jpg,87
0959267.jpg,77
1526201.jpg,77
1472188.jpg,77
1284226.jpg,77
1611576.jpg,77
0773076.jpg,32
0193982.jpg,32
1410729.jpg,77
0968445.jpg,77
1636315.jpg,77
1429708.jpg,77
1997993.jpg,77
1895800.jpg,77
1283960.jpg,77
1523794.jpg,87
1123299.jpg,77
1093250.jpg,77
1973423.jpg,77
1289638.jpg,77
0980556.jpg,77
0980092.jpg,77
0728940.jpg,77
0681544.jpg,77
0338536.jpg,77
0174853.jpg,77
1666443.jpg,77
1852373.jpg,77
1296186.jpg,77
1610616.jpg,77
1307574.jpg,77
1554795.jpg,77
0449729.jpg,77
0038598.jpg,77
1280724.jpg,94
0875323.jpg,94
2111015.jpg,94
1630052.jpg,94
1193890.jpg,94
1553820.jpg,94
0926108.jpg,94
0843963.jpg,94
1095342.jpg,94
1636453.jpg,82
0072368.jpg,56
0944254.jpg,82
0127050.jpg,94
1875195.jpg,94
0923715.jpg,94
0665003.jpg,94
1036880.jpg,94
0702840.jpg,94
1341849.jpg,94
0063272.jpg,34
1398764.jpg,94
1676760.jpg,94
0198130.jpg,94
1320161.jpg,94
2217838.jpg,94
1605240.jpg,94
0704265.jpg,94
1258526.jpg,94
0923503.jpg,94
0950428.jpg,94
1197194.jpg,94
1421262.jpg,94
1208470.jpg,94
0127034.jpg,56
2174787.jpg,56
1429258.jpg,56
1447977.jpg,56
1265380.jpg,56
0321715.jpg,56
1517885.jpg,56
2259899.jpg,56
0109457.jpg,56
0478967.jpg,94
1204180.jpg,56
0193728.jpg,56
1364623.jpg,56
0418704.jpg,56
0116701.jpg,56
0782915.jpg,56
0056589.jpg,56
1772017.jpg,56
1265320.jpg,56
0187233.jpg,56
1279903.jpg,56
1004662.jpg,56
0480708.jpg,56
0205785.jpg,34
1467694.jpg,56
0361614.jpg,56
1383342.jpg,56
1227256.jpg,56
1014380.jpg,56
1389125.jpg,56
2001287.jpg,56
0068814.jpg,56
0193729.jpg,56
1396728.jpg,56
0487360.jpg,82
1736105.jpg,94
0062708.jpg,82
0875283.jpg,94
1480281.jpg,82
1366848.jpg,82
0428662.jpg,82
1567893.jpg,82
0487344.jpg,82
1469731.jpg,82
0977264.jpg,82
1223344.jpg,82
0063102.jpg,82
1388982.jpg,82
1734386.jpg,94
0719543.jpg,82
1264191.jpg,82
1429156.jpg,82
2118114.jpg,82
1340282.jpg,82
0977267.jpg,82
0202411.jpg,82
1789452.jpg,82
1570250.jpg,82
2226297.jpg,82
2244549.jpg,82
0622055.jpg,82
1573056.jpg,82
0225472.jpg,82
1693789.jpg,82
2054447.jpg,82
2247794.jpg,82
0364670.jpg,82
1026075.jpg,65
1293682.jpg,65
0801612.jpg,65
1336517.jpg,65
0975826.jpg,65
0634628.jpg,65
0572855.jpg,65
0313721.jpg,65
1569462.jpg,65
0447765.jpg,65
0447760.jpg,65
1428031.jpg,65
0411770.jpg,65
0977247.jpg,65
1519485.jpg,65
0132987.jpg,65
2031392.jpg,65
0063920.jpg,65
1570192.jpg,65
0405438.jpg,65
0337955.jpg,65
1146072.jpg,65
0880590.jpg,65
0091366.jpg,65
0735014.jpg,65
0182174.jpg,65
0984996.jpg,65
0109444.jpg,65
1958528.jpg,65
0874832.jpg,65
1410356.jpg,65
0109656.jpg,65
0333814.jpg,65
1373934.jpg,83
1766203.jpg,83
1088416.jpg,83
1620917.jpg,83
0738021.jpg,83
0628313.jpg,83
0805499.jpg,83
1679994.jpg,83
1843606.jpg,83
1468387.jpg,83
1566624.jpg,83
1688962.jpg,83
1461716.jpg,83
1496926.jpg,83
1254089.jpg,83
1319235.jpg,83
1293480.jpg,83
0877087.jpg,83
1605012.jpg,83
1933878.jpg,83
2148543.jpg,83
1472109.jpg,83
0692095.jpg,83
1726039.jpg,83
1054551.jpg,83
2171433.jpg,83
1523054.jpg,83
1859488.jpg,83
1840143.jpg,83
1359886.jpg,83
1548951.jpg,83
1101613.jpg,83
1376665.jpg,83
1261425.jpg,83
1344994.jpg,99
2074640.jpg,99
1423432.jpg,99
0745799.jpg,99
1482540.jpg,99
2228410.jpg,99
0748614.jpg,99
2176031.jpg,99
1798545.jpg,99
1311406.jpg,99
1021870.jpg,99
1161939.jpg,99
0791201.jpg,99
0104814.jpg,99
1414282.jpg,99
1116484.jpg,99
2114201.jpg,99
1593589.jpg,99
2186728.jpg,99
1593381.jpg,99
1906969.jpg,99
1679468.jpg,99
1119554.jpg,99
1626894.jpg,99
2210244.jpg,99
0793692.jpg,99
1179294.jpg,99
1254451.jpg,99
1405302.jpg,99
2243578.jpg,99
1303982.jpg,99
1507344.jpg,99
1151769.jpg,99
1603711.jpg,47
2135681.jpg,47
1658297.jpg,47
1605921.jpg,47
1278141.jpg,47
0856817.jpg,47
1711191.jpg,47
2202486.jpg,47
2203115.jpg,47
1281757.jpg,47
1104662.jpg,47
1502611.jpg,47
2073469.jpg,47
2014222.jpg,47
1681420.jpg,47
2081787.jpg,47
1747769.jpg,47
1623436.jpg,47
0880559.jpg,97
0874688.jpg,97
0922520.jpg,97
1414824.jpg,97
1232503.jpg,97
1054576.jpg,97
0939486.jpg,97
0648476.jpg,97
0962576.jpg,97
2211302.jpg,97
1389715.jpg,97
0923766.jpg,97
2157193.jpg,97
1314986.jpg,97
2180063.jpg,97
0711206.jpg,97
1827290.jpg,97
1975739.jpg,97
0067617.jpg,97
1312743.jpg,97
2019475.jpg,97
1966254.jpg,97
1026714.jpg,97
1235480.jpg,97
0114421.jpg,97
2033183.jpg,97
0451224.jpg,97
1014304.jpg,97
2026755.jpg,97
2127989.jpg,97
1151884.jpg,97
0763431.jpg,97
1878600.jpg,97
1122271.jpg,97
1390114.jpg,52
0136485.jpg,52
1939689.jpg,52
0347754.jpg,52
1754871.jpg,52
2222402.jpg,52
1785635.jpg,52
1399587.jpg,52
0562555.jpg,52
0098085.jpg,52
0977012.jpg,52
1989990.jpg,52
1444742.jpg,52
1559316.jpg,52
1550162.jpg,52
0740887.jpg,52
1977817.jpg,52
0114415.jpg,52
0680474.jpg,52
0437932.jpg,52
0517786.jpg,52
0129325.jpg,52
1092038.jpg,52
1543285.jpg,52
1714819.jpg,52
1054267.jpg,52
1895223.jpg,52
0187239.jpg,52
0924085.jpg,52
0085330.jpg,52
0435273.jpg,52
1668966.jpg,52
0257380.jpg,52
2162376.jpg,48
2043843.jpg,48
1173868.jpg,48
0930260.jpg,48
1754084.jpg,48
1759217.jpg,48
1174379.jpg,48
0713693.jpg,48
1250763.jpg,48
1115131.jpg,48
0597780.jpg,48
1735417.jpg,48
2171883.jpg,48
0876577.jpg,48
1450568.jpg,48
2132425.jpg,48
1560883.jpg,48
1576955.jpg,48
0902419.jpg,48
2042721.jpg,48
0607518.jpg,72
1174475.jpg,72
1299913.jpg,72
1272849.jpg,72
1349343.jpg,72
1349314.jpg,72
1259067.jpg,72
1376345.jpg,72
1335029.jpg,72
1258555.jpg,72
1373008.jpg,72
1767577.jpg,72
2094375.jpg,72
2136392.jpg,72
1223923.jpg,72
1859254.jpg,72
1241521.jpg,72
1966895.jpg,72
1085189.jpg,72
2118956.jpg,72
2041569.jpg,72
1931348.jpg,72
1270604.jpg,72
1091255.jpg,72
1607515.jpg,72
0536299.jpg,72
0891419.jpg,72
2063400.jpg,72
1607505.jpg,72
1270601.jpg,72
1251382.jpg,72
0744304.jpg,72
1607467.jpg,72
1218277.jpg,72
0525710.jpg,78
0523057.jpg,78
0993942.jpg,78
0143339.jpg,78
1166761.jpg,78
0944175.jpg,78
1594713.jpg,78
1594798.jpg,78
0921289.jpg,78
0062669.jpg,78
0988536.jpg,78
0523187.jpg,78
0063292.jpg,78
0523155.jpg,78
1187867.jpg,78
0523142.jpg,78
0105827.jpg,78
1182715.jpg,78
1602329.jpg,78
1312387.jpg,78
1342280.jpg,78
0759971.jpg,78
0606129.jpg,78
1544175.jpg,78
1594711.jpg,78
0720882.jpg,78
0523009.jpg,78
0523144.jpg,78
0920420.jpg,78
0924608.jpg,78
0948666.jpg,78
0618972.jpg,78
1594734.jpg,78
0487397.jpg,64
1418807.jpg,64
0716451.jpg,64
1298145.jpg,64
0103328.jpg,64
0939483.jpg,64
1164220.jpg,64
1230394.jpg,64
1302750.jpg,64
1088786.jpg,64
1320913.jpg,64
0184994.jpg,64
1044149.jpg,64
1244289.jpg,64
0467386.jpg,64
0901364.jpg,64
0944240.jpg,64
1447126.jpg,64
0094395.jpg,64
1590459.jpg,64
0989278.jpg,64
0062771.jpg,64
0973256.jpg,64
0062687.jpg,64
0062722.jpg,64
0894311.jpg,64
1430019.jpg,64
1544222.jpg,64
0490172.jpg,64
0143396.jpg,64
1611167.jpg,64
0062675.jpg,64
0198445.jpg,64
1790927.jpg,49
1320583.jpg,49
1176914.jpg,49
0792373.jpg,49
1627581.jpg,49
1284223.jpg,49
1429966.jpg,49
0749478.jpg,49
0901509.jpg,49
1611239.jpg,49
0198777.jpg,49
1696014.jpg,49
0522968.jpg,49
1577680.jpg,49
1826676.jpg,49
0197891.jpg,49
0481847.jpg,0
1514481.jpg,0
0887066.jpg,0
1318819.jpg,0
0602177.jpg,0
1148180.jpg,0
1288661.jpg,0
0113201.jpg,0
0923884.jpg,0
0901498.jpg,0
0631897.jpg,0
0198101.jpg,0
1017179.jpg,0
0732410.jpg,90
0536721.jpg,0
1518652.jpg,0
0275719.jpg,1
1188390.jpg,1
1862134.jpg,1
0345994.jpg,1
0063291.jpg,1
1298905.jpg,1
1446378.jpg,1
0689276.jpg,1
0582367.jpg,1
0907378.jpg,1
0994960.jpg,1
0699599.jpg,1
0356165.jpg,1
0063113.jpg,1
0740881.jpg,1
0314131.jpg,1
0745103.jpg,1
0075758.jpg,1
0901521.jpg,1
0875317.jpg,1
1036881.jpg,1
0048341.jpg,1
0497532.jpg,2
0091362.jpg,2
1115293.jpg,2
0853398.jpg,2
0536510.jpg,2
0894315.jpg,2
1351345.jpg,2
0061580.jpg,2
1514479.jpg,2
0981301.jpg,2
0815913.jpg,2
1296939.jpg,2
0147048.jpg,2
0061307.jpg,3
2046004.jpg,3
0706281.jpg,55
0062667.jpg,5
1258703.jpg,3
2127975.jpg,3
0965611.jpg,3
2031394.jpg,3
0547087.jpg,5
1852170.jpg,3
0517631.jpg,3
1018935.jpg,3
1146236.jpg,3
1222203.jpg,5
1527501.jpg,4
0939537.jpg,58
1966165.jpg,4
1245559.jpg,93
1474251.jpg,4
1235148.jpg,55
1017287.jpg,93
1884743.jpg,4
1876021.jpg,4
0649690.jpg,93
0923560.jpg,4
0487357.jpg,4
1779244.jpg,4
0768400.jpg,4
0562105.jpg,4
2190106.jpg,3
0151665.jpg,3
1973458.jpg,5
1749186.jpg,5
1691483.jpg,5
1891664.jpg,2
1602331.jpg,5
0445490.jpg,5
0201676.jpg,5
1033079.jpg,5
1563192.jpg,58
1377235.jpg,58
1570201.jpg,3
1051042.jpg,5
1852173.jpg,5
0434358.jpg,5
1251766.jpg,5
1852177.jpg,58
1165045.jpg,58
1845995.jpg,58
2063812.jpg,58
1304869.jpg,58
0383402.jpg,58
1549183.jpg,58
1650693.jpg,58
1908628.jpg,58
1747505.jpg,58
2044777.jpg,58
1016726.jpg,58
1280176.jpg,58
1215384.jpg,58
1313344.jpg,58
0800938.jpg,58
1229599.jpg,58
0796444.jpg,58
0959047.jpg,58
1524816.jpg,58
0956273.jpg,58
1687756.jpg,58
0562553.jpg,58
1358046.jpg,58
0428665.jpg,58
1908388.jpg,58
1225644.jpg,58
0973091.jpg,58
1400105.jpg,58
1648294.jpg,58
2123946.jpg,55
0907752.jpg,58
1401878.jpg,58
1143126.jpg,55
1818860.jpg,55
1358662.jpg,55
0622056.jpg,55
0523226.jpg,55
0288164.jpg,55
1727704.jpg,55
1315141.jpg,55
0097112.jpg,55
2071579.jpg,55
1846146.jpg,55
1718621.jpg,55
1979663.jpg,55
0731464.jpg,58
1173450.jpg,55
1319791.jpg,55
2203483.jpg,55
1603205.jpg,55
2235588.jpg,55
1054095.jpg,55
1428644.jpg,55
0209211.jpg,87
0780820.jpg,55
0229722.jpg,55
1691790.jpg,55
0361469.jpg,55
0490186.jpg,58
0447809.jpg,55
2201377.jpg,55
0697386.jpg,55
0842393.jpg,55
2224807.jpg,55
1266143.jpg,55
1569052.jpg,55
1594736.jpg,53
1598898.jpg,53
2236971.jpg,53
0097108.jpg,53
0875563.jpg,58
1244287.jpg,53
1603035.jpg,53
1236463.jpg,91
1285916.jpg,53
1190718.jpg,53
1573352.jpg,53
0188557.jpg,53
1637438.jpg,53
0395615.jpg,53
0274621.jpg,93
0944245.jpg,53
1662016.jpg,93
2021834.jpg,53
1252037.jpg,53
1067929.jpg,93
0428239.jpg,53
0684565.jpg,53
2124349.jpg,53
1545691.jpg,93
0740885.jpg,93
1146034.jpg,53
0957896.jpg,93
1036818.jpg,53
1398924.jpg,53
1338983.jpg,53
1987009.jpg,93
0302036.jpg,93
1663377.jpg,53
2195500.jpg,53
1456775.jpg,93
1339052.jpg,93
1748132.jpg,93
1906352.jpg,93
0273141.jpg,93
0437933.jpg,93
1526476.jpg,93
1884992.jpg,93
2169127.jpg,93
0192179.jpg,93
0179021.jpg,93
2089355.jpg,93
1429709.jpg,93
0864570.jpg,93
0936143.jpg,93
2002223.jpg,93
1521763.jpg,93
0276022.jpg,93
0311908.jpg,93
0221294.jpg,93
0331279.jpg,93
1106339.jpg,93
1918372.jpg,93
0227126.jpg,93
2215834.jpg,93
2233944.jpg,93
0727254.jpg,53
1018862.jpg,93
0671304.jpg,93
0732162.jpg,93
1718867.jpg,53
0837340.jpg,93
0064007.jpg,7
0713645.jpg,7
0147037.jpg,6
0685282.jpg,6
1340209.jpg,6
0540719.jpg,6
0796213.jpg,6
0074633.jpg,6
1281454.jpg,6
0792085.jpg,6
0944156.jpg,6
1014103.jpg,6
0179062.jpg,7
0880585.jpg,6
1688967.jpg,71
2226295.jpg,6
0989834.jpg,6
2230120.jpg,7
1825682.jpg,7
0457869.jpg,7
0065830.jpg,6
1038118.jpg,6
0719135.jpg,6
0771168.jpg,7
0447170.jpg,70
1031438.jpg,70
1291802.jpg,6
0233756.jpg,7
0454783.jpg,6
0429100.jpg,6
1341990.jpg,71
1137740.jpg,7
0045128.jpg,7
1094667.jpg,7
0963004.jpg,7
0195002.jpg,7
1891304.jpg,7
1233559.jpg,7
2218009.jpg,71
0476814.jpg,71
1132269.jpg,70
0980094.jpg,71
1616394.jpg,71
2148651.jpg,71
1256683.jpg,70
0788467.jpg,71
0856020.jpg,70
0574284.jpg,71
0681539.jpg,70
1169799.jpg,71
1292370.jpg,70
1544177.jpg,71
1895995.jpg,71
0167090.jpg,70
0179059.jpg,71
0458674.jpg,71
0562338.jpg,70
0980191.jpg,70
0710666.jpg,6
0981462.jpg,71
0271186.jpg,6
1623631.jpg,71
1206755.jpg,71
0447773.jpg,70
0181732.jpg,7
1695918.jpg,71
1149855.jpg,70
0569010.jpg,71
0114454.jpg,71
1094264.jpg,70
0167114.jpg,71
1515540.jpg,70
2217844.jpg,6
0964235.jpg,70
2131569.jpg,70
0574362.jpg,70
1960593.jpg,7
2021679.jpg,70
0888512.jpg,70
0065826.jpg,70
1767106.jpg,70
1506896.jpg,70
0491938.jpg,70
1662017.jpg,70
1305614.jpg,70
1204178.jpg,70
1709162.jpg,70
0098491.jpg,70
1790437.jpg,70
1395492.jpg,70
1212012.jpg,70
1603036.jpg,70
1200712.jpg,70
1550136.jpg,70
1173801.jpg,70
0678979.jpg,70
1233576.jpg,70
1942524.jpg,70
2211284.jpg,70
1891189.jpg,70
1139712.jpg,70
1291092.jpg,70
0127504.jpg,70
0539095.jpg,70
1553993.jpg,70
0788951.jpg,8
1018466.jpg,8
0851322.jpg,8
1471691.jpg,8
0169317.jpg,8
1493118.jpg,8
1824737.jpg,8
1207125.jpg,8
1547881.jpg,8
1663375.jpg,57
2188165.jpg,8
1741954.jpg,8
1917720.jpg,8
1175264.jpg,8
1723911.jpg,8
1415495.jpg,8
1345218.jpg,57
0330281.jpg,57
1313225.jpg,57
1834622.jpg,57
2147405.jpg,57
0839551.jpg,57
0924405.jpg,57
1398983.jpg,57
0985968.jpg,57
2099420.jpg,57
1204263.jpg,57
1221753.jpg,57
1279666.jpg,57
2020641.jpg,57
1307073.jpg,57
0313727.jpg,57
1017288.jpg,57
1334472.jpg,57
0467431.jpg,57
1213050.jpg,57
0781904.jpg,10
1261956.jpg,57
1981480.jpg,57
0903658.jpg,57
1122464.jpg,57
1277617.jpg,57
1255496.jpg,57
0187532.jpg,57
0924404.jpg,57
1295646.jpg,57
0443974.jpg,57
0658111.jpg,57
1486878.jpg,57
1860128.jpg,9
0908596.jpg,11
1222396.jpg,0
0709507.jpg,7
2248661.jpg,9
1291080.jpg,9
2124427.jpg,9
1657942.jpg,9
0908588.jpg,11
2232678.jpg,9
2244649.jpg,11
1313048.jpg,9
1389713.jpg,10
1521750.jpg,9
1004743.jpg,11
0127507.jpg,9
0668315.jpg,11
0191386.jpg,9
1379717.jpg,95
0936782.jpg,9
0907432.jpg,10
1838649.jpg,9
1605077.jpg,10
0498132.jpg,10
1237705.jpg,10
1531356.jpg,10
0182724.jpg,95
1223042.jpg,10
1211088.jpg,10
2188167.jpg,10
1611577.jpg,10
0956231.jpg,10
0870244.jpg,11
0962873.jpg,10
1294492.jpg,10
0501887.jpg,10
0988938.jpg,95
1518619.jpg,95
0688097.jpg,10
0936086.jpg,95
1353979.jpg,95
1486631.jpg,95
2263428.jpg,95
1097302.jpg,95
1790505.jpg,95
0192189.jpg,95
1345042.jpg,95
1613179.jpg,95
0870232.jpg,95
0846642.jpg,95
0981533.jpg,95
1993167.jpg,95
0176009.jpg,10
0496773.jpg,95
0498976.jpg,95
0558247.jpg,95
1521848.jpg,95
0248710.jpg,95
1658595.jpg,95
0904858.jpg,95
1798066.jpg,95
0222901.jpg,95
0457171.jpg,95
1134122.jpg,95
1769024.jpg,95
1138890.jpg,95
2039060.jpg,95
2220738.jpg,95
2213427.jpg,95
2204928.jpg,95
2000146.jpg,95
1103084.jpg,95
1143131.jpg,11
0493824.jpg,11
1823703.jpg,11
1563456.jpg,11
2076100.jpg,11
1429850.jpg,11
1287644.jpg,11
1715529.jpg,11
1658290.jpg,11
2059186.jpg,11
0361122.jpg,11
1701061.jpg,11
0123345.jpg,11
1706735.jpg,11
1870552.jpg,11
2212065.jpg,11
1560791.jpg,11
1180142.jpg,11
2084802.jpg,11
1779647.jpg,11
1545067.jpg,86
1783026.jpg,86
1857207.jpg,86
2239630.jpg,86
2094380.jpg,86
1307312.jpg,86
2239816.jpg,86
2015492.jpg,86
1915069.jpg,86
1646217.jpg,86
2191092.jpg,86
1709112.jpg,86
1910714.jpg,86
1864995.jpg,86
2218526.jpg,86
1661603.jpg,86
0939993.jpg,86
2124079.jpg,86
1091648.jpg,11
0381610.jpg,86
1555557.jpg,86
1099212.jpg,86
1942551.jpg,86
1583389.jpg,86
1429301.jpg,86
1303532.jpg,86
1620516.jpg,86
2066138.jpg,86
1650311.jpg,86
2234654.jpg,86
1922917.jpg,86
0897884.jpg,11
0875360.jpg,12
1294506.jpg,12
0718627.jpg,12
0123339.jpg,12
1870761.jpg,12
0801610.jpg,12
0812096.jpg,12
1163998.jpg,12
0939485.jpg,13
0100206.jpg,12
0184344.jpg,87
0735016.jpg,12
1119128.jpg,12
0751056.jpg,12
0901374.jpg,12
0753862.jpg,12
0133435.jpg,12
0901506.jpg,12
0829651.jpg,13
1429836.jpg,13
0130602.jpg,13
0846175.jpg,13
0847752.jpg,13
1514483.jpg,12
0438661.jpg,13
0225215.jpg,13
0109440.jpg,13
0870866.jpg,13
0067865.jpg,13
1921449.jpg,13
0136494.jpg,13
0065412.jpg,13
1417184.jpg,14
1356441.jpg,14
1249553.jpg,14
0519448.jpg,14
0458784.jpg,15
1327557.jpg,14
2066357.jpg,14
1546041.jpg,14
0505611.jpg,14
0905532.jpg,14
1590785.jpg,14
0559493.jpg,14
1921281.jpg,14
1302677.jpg,14
2260089.jpg,15
2166004.jpg,14
1298765.jpg,15
1932555.jpg,15
0257377.jpg,15
1992930.jpg,15
1860177.jpg,15
1545141.jpg,8
1400446.jpg,98
1172046.jpg,15
0143381.jpg,15
1415431.jpg,98
0205776.jpg,15
1671731.jpg,15
1113092.jpg,98
1527504.jpg,15
0167121.jpg,98
1073032.jpg,98
0925865.jpg,98
0842395.jpg,98
1097907.jpg,15
0807860.jpg,98
1683877.jpg,98
0324847.jpg,98
1966244.jpg,98
0188550.jpg,98
0907383.jpg,98
0195003.jpg,98
0959452.jpg,98
1401587.jpg,98
0923532.jpg,98
2163061.jpg,98
1732549.jpg,98
0501890.jpg,98
0694463.jpg,98
1536390.jpg,98
0792199.jpg,98
0328062.jpg,98
0582370.jpg,98
1296189.jpg,98
2008530.jpg,98
1942914.jpg,98
1267078.jpg,98
1320095.jpg,98
0953521.jpg,98
1573348.jpg,98
1980084.jpg,98
0851314.jpg,98
1370959.jpg,98
1001811.jpg,98
1603592.jpg,98
1729160.jpg,98
2213523.jpg,98
1358695.jpg,98
1176949.jpg,98
2239626.jpg,59
1860537.jpg,59
1188170.jpg,59
1255792.jpg,59
2088378.jpg,59
1207261.jpg,59
1598389.jpg,59
1927319.jpg,59
1542770.jpg,59
1390306.jpg,59
1004940.jpg,59
2206294.jpg,59
1704741.jpg,59
2248561.jpg,59
1295495.jpg,59
0757707.jpg,98
1510899.jpg,59
1065444.jpg,59
0066677.jpg,98
0681470.jpg,59
1369907.jpg,59
2087628.jpg,57
1702873.jpg,59
2056062.jpg,59
2071957.jpg,59
1386619.jpg,59
0681542.jpg,59
1193603.jpg,59
1762160.jpg,59
0274619.jpg,59
1266149.jpg,59
0903776.jpg,59
2117303.jpg,59
0846826.jpg,16
1910721.jpg,17
1527486.jpg,16
2043110.jpg,17
2259876.jpg,16
2171049.jpg,16
1917497.jpg,16
1148366.jpg,86
2175378.jpg,16
1310548.jpg,63
1806596.jpg,58
1577693.jpg,16
2218525.jpg,16
1961354.jpg,16
2067972.jpg,16
1869956.jpg,16
2019053.jpg,16
1292389.jpg,16
1931268.jpg,17
1139794.jpg,17
1182369.jpg,17
2173791.jpg,17
1336049.jpg,63
0744232.jpg,16
1842062.jpg,17
0454744.jpg,17
1933930.jpg,16
2211104.jpg,17
1545070.jpg,16
2252349.jpg,17
1926825.jpg,17
0849197.jpg,18
0710670.jpg,18
1173946.jpg,18
0249234.jpg,18
0298309.jpg,77
1221649.jpg,18
0901380.jpg,19
0732693.jpg,19
0457464.jpg,18
0195718.jpg,18
0078364.jpg,18
0240325.jpg,18
0913627.jpg,18
1223334.jpg,19
1136119.jpg,18
0961819.jpg,19
2244501.jpg,19
0487386.jpg,70
0939548.jpg,58
1098958.jpg,18
0901141.jpg,19
1348421.jpg,18
1365711.jpg,19
1631990.jpg,19
1994544.jpg,19
1586136.jpg,19
0849418.jpg,67
1303941.jpg,18
1609735.jpg,19
2064021.jpg,19
1680766.jpg,19
1299986.jpg,19
2175375.jpg,19
1634663.jpg,67
1636310.jpg,18
1818737.jpg,63
2081098.jpg,63
1661665.jpg,63
2222666.jpg,63
1489560.jpg,63
1864340.jpg,63
1168209.jpg,70
1033340.jpg,67
0968259.jpg,58
1880761.jpg,63
1552161.jpg,63
1540100.jpg,63
0962152.jpg,63
0774293.jpg,63
1659449.jpg,67
2243783.jpg,63
1421346.jpg,63
1631994.jpg,67
0936118.jpg,63
1429538.jpg,67
0896575.jpg,63
1951706.jpg,63
1218928.jpg,63
0935983.jpg,63
0854310.jpg,63
0727358.jpg,63
0986170.jpg,63
1567287.jpg,67
1900368.jpg,67
1236361.jpg,63
1136154.jpg,63
0799696.jpg,67
1708096.jpg,63
1206539.jpg,63
1772221.jpg,67
2239292.jpg,67
0681545.jpg,67
1233628.jpg,67
2137098.jpg,67
0852820.jpg,67
1425737.jpg,67
1461266.jpg,63
1000036.jpg,67
0639717.jpg,67
1790504.jpg,63
1901159.jpg,67
1486859.jpg,67
1568156.jpg,67
0459278.jpg,70
1073033.jpg,67
0571183.jpg,67
2199905.jpg,67
0566293.jpg,67
1787740.jpg,67
1139754.jpg,67
2211281.jpg,67
0799583.jpg,67
1122579.jpg,67
1230250.jpg,67
1008043.jpg,67
1567838.jpg,67
1053984.jpg,63
1250050.jpg,67
0978484.jpg,67
1050956.jpg,67
1364591.jpg,67
1687113.jpg,67
2218512.jpg,20
1454199.jpg,20
2013985.jpg,20
2231825.jpg,20
1280503.jpg,20
2026616.jpg,20
1879734.jpg,20
2045349.jpg,20
1601324.jpg,20
1979055.jpg,20
1790439.jpg,20
1560786.jpg,20
2133240.jpg,70
2127996.jpg,20
2169490.jpg,20
2046689.jpg,20
1992047.jpg,20
1659447.jpg,20
1701058.jpg,20
0447941.jpg,92
0788954.jpg,92
0512432.jpg,92
0921761.jpg,92
1036800.jpg,92
0069772.jpg,92
0977265.jpg,92
1036859.jpg,92
0958070.jpg,92
0522941.jpg,92
1116281.jpg,92
1095701.jpg,92
1404365.jpg,92
1514213.jpg,92
1393627.jpg,92
0454534.jpg,92
1844997.jpg,92
1018467.jpg,92
1561276.jpg,92
1673831.jpg,92
1169899.jpg,92
0447441.jpg,92
0920417.jpg,92
1539352.jpg,92
0719823.jpg,92
1066006.jpg,92
0065768.jpg,92
0965617.jpg,92
2115335.jpg,92
0939518.jpg,92
0063923.jpg,92
0396593.jpg,92
0422853.jpg,92
1314987.jpg,92
1323664.jpg,96
1362504.jpg,96
2222658.jpg,96
1459119.jpg,96
0923718.jpg,96
1088361.jpg,96
1469673.jpg,96
1329193.jpg,96
0973264.jpg,96
1354666.jpg,96
0740888.jpg,96
1906339.jpg,96
2188370.jpg,96
1352223.jpg,96
1017808.jpg,96
1216150.jpg,96
2188608.jpg,96
0804455.jpg,96
1239791.jpg,96
2259107.jpg,96
1941841.jpg,96
1102455.jpg,96
0952519.jpg,96
1157334.jpg,96
0434350.jpg,96
0458677.jpg,96
1899261.jpg,96
0114435.jpg,96
1806057.jpg,96
1230396.jpg,96
2187804.jpg,96
1037436.jpg,96
1992926.jpg,96
1639638.jpg,21
1154492.jpg,21
1327556.jpg,21
1146225.jpg,21
0786221.jpg,21
0737370.jpg,21
0114447.jpg,21
0920421.jpg,21
0522933.jpg,21
0842400.jpg,21
2120028.jpg,21
0764133.jpg,21
1545983.jpg,21
0582364.jpg,21
1198418.jpg,21
1098896.jpg,21
0738252.jpg,21
0978815.jpg,21
0735977.jpg,21
0901375.jpg,21
0514108.jpg,23
0792283.jpg,22
0454762.jpg,22
0483573.jpg,22
1864425.jpg,22
0922639.jpg,22
0525834.jpg,22
2162994.jpg,22
0673364.jpg,22
0502301.jpg,22
0091365.jpg,22
1937250.jpg,22
1296938.jpg,22
1076891.jpg,22
0065767.jpg,22
1212178.jpg,22
1277982.jpg,22
1301856.jpg,22
1895885.jpg,22
0201665.jpg,22
0713739.jpg,22
2209469.jpg,23
1386630.jpg,22
1147741.jpg,23
0412779.jpg,22
1100462.jpg,23
1255434.jpg,22
1223418.jpg,22
0273090.jpg,22
0344066.jpg,23
0397442.jpg,23
2009852.jpg,22
0711013.jpg,22
1296822.jpg,22
2104252.jpg,24
2091953.jpg,24
0757655.jpg,24
1048957.jpg,24
0944751.jpg,24
0996985.jpg,24
1369269.jpg,24
0356127.jpg,24
0769140.jpg,24
0451431.jpg,24
1699480.jpg,24
1687163.jpg,24
1339053.jpg,24
0321746.jpg,24
1243688.jpg,24
1376273.jpg,24
1032302.jpg,24
1672423.jpg,24
1546119.jpg,50
0186424.jpg,50
0574352.jpg,50
1158571.jpg,50
0129326.jpg,50
1018464.jpg,50
1530087.jpg,50
0118429.jpg,50
0063289.jpg,50
0067473.jpg,50
1031460.jpg,50
0939509.jpg,50
2141016.jpg,50
2067975.jpg,50
2100530.jpg,50
0139711.jpg,50
1641831.jpg,50
1311978.jpg,50
0127503.jpg,50
0048339.jpg,50
1522816.jpg,50
0066979.jpg,50
0104856.jpg,50
0454535.jpg,50
1355211.jpg,50
0091405.jpg,50
1341843.jpg,50
0067392.jpg,50
0848067.jpg,50
1192657.jpg,50
1879805.jpg,50
0440128.jpg,50
0457850.jpg,50
0172093.jpg,50
1801653.jpg,25
2188374.jpg,25
1102262.jpg,82
0986593.jpg,94
0498907.jpg,25
1061874.jpg,25
1336452.jpg,25
1569037.jpg,25
1529601.jpg,25
0917347.jpg,25
1338357.jpg,82
1598704.jpg,25
1272699.jpg,25
1378453.jpg,56
0962633.jpg,25
1386624.jpg,84
1668963.jpg,84
0104847.jpg,84
0869693.jpg,84
2128061.jpg,84
1768029.jpg,84
1195674.jpg,84
0773400.jpg,84
0771794.jpg,84
1152062.jpg,84
1378083.jpg,84
0880579.jpg,84
0591254.jpg,84
0553599.jpg,84
0807859.jpg,84
1395431.jpg,84
1940184.jpg,84
0771793.jpg,84
0606131.jpg,84
0773398.jpg,84
0891418.jpg,84
1805918.jpg,84
0635837.jpg,84
0773403.jpg,84
1017178.jpg,84
2014678.jpg,84
1584757.jpg,84
1647400.jpg,84
1753610.jpg,84
1559003.jpg,84
1280138.jpg,84
0706206.jpg,84
0890439.jpg,84
0817369.jpg,33
0423362.jpg,26
1059282.jpg,26
1539361.jpg,26
0726925.jpg,26
1584294.jpg,26
1517894.jpg,26
0763966.jpg,26
0800914.jpg,33
0544869.jpg,33
1002385.jpg,26
1031442.jpg,26
1443452.jpg,26
1502176.jpg,33
1341845.jpg,26
0691269.jpg,26
1167265.jpg,26
2126016.jpg,26
0704551.jpg,33
0594211.jpg,33
1709125.jpg,27
0599217.jpg,27
0921743.jpg,27
1447340.jpg,27
1192654.jpg,27
1206413.jpg,27
1334601.jpg,27
0174926.jpg,27
1763290.jpg,27
1116482.jpg,27
0205781.jpg,27
1396940.jpg,27
1447976.jpg,28
1283832.jpg,28
0388910.jpg,28
0775040.jpg,29
1261955.jpg,28
1481647.jpg,28
2008022.jpg,28
0924100.jpg,28
0996983.jpg,28
0257606.jpg,29
0445396.jpg,28
1631148.jpg,28
0303915.jpg,28
2062292.jpg,28
1378004.jpg,28
1569649.jpg,28
2203480.jpg,29
1184782.jpg,29
1906657.jpg,28
0890461.jpg,29
1260391.jpg,29
2032004.jpg,29
1325008.jpg,29
1692498.jpg,29
1077480.jpg,29
1058494.jpg,29
1573339.jpg,29
0356226.jpg,28
2101213.jpg,29
1253442.jpg,29
2204027.jpg,29
0109652.jpg,30
1539453.jpg,30
1340439.jpg,30
2105993.jpg,30
2122883.jpg,30
2009841.jpg,30
1103399.jpg,30
1418848.jpg,30
1838250.jpg,30
0974653.jpg,30
2047835.jpg,30
1250251.jpg,30
1574874.jpg,30
2189999.jpg,30
2144600.jpg,30
1882639.jpg,30
1845164.jpg,30
1356129.jpg,31
0302294.jpg,31
1785528.jpg,31
1564950.jpg,31
0852553.jpg,31
1338354.jpg,31
0963959.jpg,31
1339029.jpg,31
0082499.jpg,31
1036820.jpg,31
1349926.jpg,31
1344064.jpg,31
0080532.jpg,31
1043786.jpg,31
1379981.jpg,31
0312600.jpg,51
0757653.jpg,51
1716441.jpg,51
0820657.jpg,51
0543868.jpg,51
1444715.jpg,51
1784313.jpg,51
1614283.jpg,51
1363679.jpg,51
1281574.jpg,51
2091976.jpg,51
1964097.jpg,51
1312504.jpg,51
0451379.jpg,51
1338261.jpg,51
1369872.jpg,51
2030169.jpg,51
1363681.jpg,51
0845899.jpg,51
1148185.jpg,51
1839351.jpg,51
1395880.jpg,51
1234244.jpg,51
1849797.jpg,51
1605960.jpg,51
1313354.jpg,51
1964929.jpg,51
1214893.jpg,51
1468401.jpg,51
0411918.jpg,51
1719897.jpg,51
1774353.jpg,51
1349012.jpg,51
0713915.jpg,51
0384436.jpg,89
1017974.jpg,89
1676336.jpg,89
1843535.jpg,89
2258769.jpg,89
1465214.jpg,89
1769002.jpg,89
1158328.jpg,89
0907373.jpg,89
1469943.jpg,89
1806231.jpg,89
0796507.jpg,89
1829678.jpg,89
1551667.jpg,89
1636740.jpg,89
2064120.jpg,89
1228062.jpg,89
1874208.jpg,89
1062306.jpg,89
0890450.jpg,89
2001289.jpg,89
1857540.jpg,89
0071748.jpg,89
1020536.jpg,89
1060506.jpg,89
0411755.jpg,89
1541381.jpg,89
1168411.jpg,89
1550265.jpg,89
1345202.jpg,89
1714816.jpg,89
0849347.jpg,89
1703202.jpg,89
1032300.jpg,79
0543347.jpg,79
0295861.jpg,79
2137086.jpg,79
1458765.jpg,79
2117475.jpg,79
1523342.jpg,79
1098395.jpg,79
1779689.jpg,79
1062013.jpg,79
1644651.jpg,79
1425171.jpg,79
1958057.jpg,79
0992259.jpg,79
2032665.jpg,79
2106189.jpg,79
1426351.jpg,79
0864982.jpg,79
2149502.jpg,79
0501286.jpg,27
1878990.jpg,79
1940904.jpg,79
1693795.jpg,79
1806221.jpg,79
2206626.jpg,79
0241566.jpg,79
1899100.jpg,79
1312882.jpg,79
1079421.jpg,79
1987429.jpg,79
2231255.jpg,79
1361462.jpg,79
1363740.jpg,79
0318420.jpg,32
0092976.jpg,32
0822345.jpg,32
0176007.jpg,77
0331432.jpg,32
0062224.jpg,32
1461267.jpg,32
0118660.jpg,32
0064928.jpg,87
0218836.jpg,32
0396537.jpg,32
0488493.jpg,32
1358858.jpg,77
1283842.jpg,32
0586536.jpg,32
1389040.jpg,32
1569045.jpg,32
0869729.jpg,32
0066978.jpg,32
0993489.jpg,32
0808956.jpg,32
1093670.jpg,32
2139395.jpg,33
1416981.jpg,33
1060375.jpg,26
0548759.jpg,33
1817298.jpg,33
0730799.jpg,33
0586774.jpg,33
0601227.jpg,33
1543346.jpg,33
0540985.jpg,33
1391365.jpg,33
0547020.jpg,26
0709875.jpg,33
1350775.jpg,33
0602442.jpg,33
1569778.jpg,26
0606125.jpg,33
0539398.jpg,33
1115392.jpg,33
0074632.jpg,26
1541799.jpg,74
0564292.jpg,74
0636196.jpg,74
0875351.jpg,74
0726795.jpg,74
1739564.jpg,74
1292392.jpg,74
1308267.jpg,74
0457892.jpg,74
0613605.jpg,74
0564261.jpg,74
1443542.jpg,74
1243372.jpg,74
0144930.jpg,74
2003504.jpg,74
0441010.jpg,74
0768399.jpg,74
0551913.jpg,74
0734984.jpg,74
0989093.jpg,74
0062694.jpg,74
0545061.jpg,74
1258646.jpg,74
1454166.jpg,74
1324867.jpg,74
0950562.jpg,74
1323009.jpg,74
1831582.jpg,74
0545060.jpg,74
1226979.jpg,74
1776807.jpg,74
0606403.jpg,74
0647463.jpg,74
0248134.jpg,90
0062653.jpg,90
0744909.jpg,90
0548494.jpg,90
0034309.jpg,90
0062699.jpg,90
1000048.jpg,90
0901458.jpg,90
0192204.jpg,90
1011181.jpg,90
0738206.jpg,90
1017406.jpg,90
1194330.jpg,90
1461265.jpg,90
0921023.jpg,90
0551250.jpg,90
1654823.jpg,56
1163499.jpg,90
0812909.jpg,90
0694978.jpg,90
1879795.jpg,90
0699595.jpg,90
1148012.jpg,90
0274630.jpg,90
0198100.jpg,90
0195744.jpg,90
0620000.jpg,90
0822339.jpg,90
1884745.jpg,90
0091331.jpg,90
0592981.jpg,90
1295641.jpg,90
1008901.jpg,90
1316038.jpg,90
0907436.jpg,34
1017404.jpg,34
1411126.jpg,34
1070337.jpg,34
1377001.jpg,34
1540064.jpg,94
0540717.jpg,34
0494481.jpg,25
1314595.jpg,34
1198694.jpg,34
0974733.jpg,34
2157090.jpg,82
0505751.jpg,34
1376992.jpg,34
0287695.jpg,34
1165651.jpg,34
0037511.jpg,34
0901496.jpg,34
0457857.jpg,34
1377234.jpg,34
0136377.jpg,34
0657801.jpg,34
0038626.jpg,34
1296897.jpg,34
2219120.jpg,35
1193564.jpg,35
0872412.jpg,35
1398071.jpg,35
1370066.jpg,35
1578204.jpg,35
0730326.jpg,35
2179486.jpg,35
2022003.jpg,35
0985372.jpg,35
0737678.jpg,35
0767364.jpg,35
0765873.jpg,35
0768014.jpg,35
0908594.jpg,35
1425500.jpg,35
0548757.jpg,35
1161492.jpg,35
2194700.jpg,36
1196354.jpg,36
2056481.jpg,36
2125420.jpg,36
1427671.jpg,36
1042843.jpg,36
0928680.jpg,36
1401570.jpg,36
2178959.jpg,36
1404383.jpg,36
1673598.jpg,36
1908623.jpg,36
1700857.jpg,36
2132426.jpg,36
2157300.jpg,36
2152552.jpg,36
1974570.jpg,66
1992674.jpg,66
1053135.jpg,66
0554600.jpg,66
0875356.jpg,66
0923270.jpg,66
0440147.jpg,66
0879887.jpg,66
0995278.jpg,66
0478903.jpg,66
2011623.jpg,66
1992688.jpg,66
1053463.jpg,66
0735021.jpg,66
0879889.jpg,66
1053484.jpg,66
0749918.jpg,66
2197331.jpg,66
2003459.jpg,66
0454829.jpg,66
1169898.jpg,66
1043764.jpg,66
1061155.jpg,66
2107240.jpg,66
0713822.jpg,66
0606126.jpg,66
0875327.jpg,66
2015169.jpg,66
0735017.jpg,66
2084816.jpg,66
0545025.jpg,66
1998936.jpg,66
1999302.jpg,66
1187963.jpg,80
0136394.jpg,80
0065432.jpg,80
1031522.jpg,80
0056324.jpg,80
1031498.jpg,80
1366851.jpg,80
0102722.jpg,80
0337949.jpg,80
0177655.jpg,80
0063926.jpg,80
0091364.jpg,80
0353107.jpg,80
0223949.jpg,80
0063919.jpg,80
1037509.jpg,80
0081592.jpg,80
1338345.jpg,80
1036865.jpg,80
1764197.jpg,80
1240265.jpg,80
1054811.jpg,80
0177657.jpg,80
1149064.jpg,80
0302207.jpg,80
0056333.jpg,80
0097118.jpg,80
1043794.jpg,80
0154348.jpg,80
0118430.jpg,80
0395639.jpg,80
0942394.jpg,80
0083366.jpg,80
2205027.jpg,62
1043727.jpg,62
0250398.jpg,80
1618134.jpg,62
0977358.jpg,62
0177656.jpg,62
1043776.jpg,62
2191959.jpg,62
0302002.jpg,62
2088459.jpg,62
0872421.jpg,62
1143606.jpg,62
1119082.jpg,62
1961226.jpg,62
0069771.jpg,62
0595602.jpg,62
1605117.jpg,62
0885597.jpg,62
1059775.jpg,62
1675546.jpg,62
1443525.jpg,62
0868108.jpg,62
2205704.jpg,62
1445108.jpg,62
0193709.jpg,62
1714824.jpg,62
2243615.jpg,62
2187803.jpg,62
1467687.jpg,62
1694849.jpg,62
1600342.jpg,62
1253533.jpg,62
1902313.jpg,62
1426511.jpg,62
2262727.jpg,76
1709293.jpg,76
1384551.jpg,76
1882621.jpg,76
1401542.jpg,76
2228985.jpg,76
1955962.jpg,76
0663587.jpg,76
1162457.jpg,76
1865767.jpg,76
2199064.jpg,76
0482762.jpg,76
1541601.jpg,76
1377518.jpg,76
1246392.jpg,76
1625089.jpg,76
2075500.jpg,76
2211352.jpg,76
2077738.jpg,76
1736063.jpg,76
1775161.jpg,76
1622729.jpg,76
1200441.jpg,76
1567136.jpg,76
1151753.jpg,76
1602738.jpg,76
2231710.jpg,76
2232214.jpg,76
2231689.jpg,76
1603712.jpg,76
1767219.jpg,76
1369430.jpg,76
1408171.jpg,76
2048576.jpg,37
0910816.jpg,37
0335182.jpg,37
1213738.jpg,37
0917793.jpg,37
1393629.jpg,37
2164961.jpg,37
1426512.jpg,37
0454765.jpg,37
1122575.jpg,37
0065778.jpg,37
1000026.jpg,37
0796447.jpg,37
1699128.jpg,38
1027524.jpg,38
1059170.jpg,38
2213677.jpg,38
0927430.jpg,38
1889561.jpg,38
0869979.jpg,15
2191944.jpg,38
1092244.jpg,38
2123971.jpg,38
1387816.jpg,38
1795569.jpg,38
1878594.jpg,38
0758399.jpg,38
1124600.jpg,38
1336052.jpg,38
1181138.jpg,38
0427682.jpg,38
0959265.jpg,38
2188611.jpg,38
2123937.jpg,38
2190744.jpg,39
1351207.jpg,40
1801068.jpg,39
1913802.jpg,39
2225268.jpg,39
1610421.jpg,39
1326472.jpg,39
2262077.jpg,39
1909952.jpg,39
1527509.jpg,39
2164962.jpg,40
1692196.jpg,39
2147404.jpg,39
1282348.jpg,39
2162834.jpg,39
1353567.jpg,39
1245562.jpg,39
1861639.jpg,40
1699062.jpg,39
2099326.jpg,40
1966259.jpg,59
1987006.jpg,40
1686316.jpg,40
1935754.jpg,40
1459931.jpg,40
2001300.jpg,40
1795554.jpg,40
2040682.jpg,40
2098306.jpg,40
1916452.jpg,40
1318408.jpg,40
1408313.jpg,40
1621701.jpg,40
1798288.jpg,40
1728852.jpg,40
2021843.jpg,40
1397531.jpg,41
0572859.jpg,41
1600063.jpg,41
1031472.jpg,41
0236032.jpg,41
1377238.jpg,41
1182363.jpg,41
0413335.jpg,41
0488504.jpg,41
1341820.jpg,41
0447772.jpg,41
2122310.jpg,52
1414838.jpg,98
0174049.jpg,41
1157371.jpg,61
1255033.jpg,61
1413133.jpg,61
0222913.jpg,61
0631812.jpg,61
0458645.jpg,61
0907287.jpg,61
1237866.jpg,61
1670135.jpg,61
1596583.jpg,61
1926247.jpg,61
1581078.jpg,61
1921280.jpg,61
2208537.jpg,61
1934562.jpg,61
2157874.jpg,61
0778284.jpg,61
0249235.jpg,61
1225157.jpg,75
0174890.jpg,61
0817610.jpg,61
0227119.jpg,61
1053500.jpg,61
1161864.jpg,61
1210495.jpg,61
1124533.jpg,61
1592077.jpg,61
0350414.jpg,61
0670556.jpg,61
1110732.jpg,61
2200431.jpg,61
0059112.jpg,61
2169116.jpg,61
1186579.jpg,75
0829816.jpg,75
1188130.jpg,75
0202423.jpg,75
0225213.jpg,75
1549184.jpg,75
1844051.jpg,75
2069836.jpg,61
1772719.jpg,75
1966297.jpg,75
1264190.jpg,75
1156456.jpg,75
1570892.jpg,75
1304878.jpg,75
1742637.jpg,75
2248582.jpg,75
0116718.jpg,75
1170152.jpg,75
0420452.jpg,75
0867011.jpg,75
0732742.jpg,75
1401750.jpg,75
1548490.jpg,75
0076791.jpg,75
1353361.jpg,75
0928322.jpg,75
0093506.jpg,75
0711205.jpg,75
1979048.jpg,75
1352486.jpg,75
2112053.jpg,61
2236391.jpg,75
0174943.jpg,75
1067522.jpg,85
1868375.jpg,85
1413139.jpg,85
0789257.jpg,85
1647134.jpg,85
1629116.jpg,85
1891199.jpg,85
1189508.jpg,85
1210465.jpg,85
1410103.jpg,85
0979582.jpg,85
0939484.jpg,85
1807109.jpg,85
0699601.jpg,85
0900488.jpg,85
2121193.jpg,85
1730212.jpg,85
1921274.jpg,85
0722894.jpg,85
2106192.jpg,85
2054234.jpg,85
1658654.jpg,85
1177223.jpg,85
0845037.jpg,85
1103343.jpg,85
2040707.jpg,85
1307278.jpg,85
2137084.jpg,85
1767653.jpg,85
1714814.jpg,85
0973162.jpg,85
2026726.jpg,85
1657992.jpg,85
1200890.jpg,85
1716747.jpg,42
0368821.jpg,42
1076273.jpg,42
1465191.jpg,42
1800126.jpg,42
1748479.jpg,42
1357748.jpg,42
1242253.jpg,42
1735490.jpg,42
1091953.jpg,42
1715545.jpg,42
1220155.jpg,42
2136366.jpg,42
0607517.jpg,42
1827566.jpg,42
1269006.jpg,42
1640437.jpg,42
1735070.jpg,42
1364710.jpg,42
2133743.jpg,73
0749875.jpg,73
1085193.jpg,73
1927219.jpg,73
0749915.jpg,73
2188100.jpg,73
1305905.jpg,73
0731728.jpg,73
0890355.jpg,73
1289663.jpg,73
2123566.jpg,73
0896699.jpg,73
1940178.jpg,73
1596395.jpg,73
1250932.jpg,73
1771999.jpg,73
1279747.jpg,73
1223995.jpg,73
0607513.jpg,73
1298308.jpg,73
0895309.jpg,73
1564428.jpg,73
1588715.jpg,73
2119508.jpg,73
2129930.jpg,73
0925056.jpg,73
1294569.jpg,73
2077215.jpg,73
0709986.jpg,73
1072281.jpg,73
1592497.jpg,73
2142088.jpg,73
1088454.jpg,73
2118953.jpg,43
1251380.jpg,43
1601717.jpg,43
1824489.jpg,43
1808795.jpg,43
0218835.jpg,43
1118097.jpg,43
1231945.jpg,43
1784221.jpg,43
1112805.jpg,43
1588716.jpg,43
1349340.jpg,43
1846016.jpg,43
1895220.jpg,43
1811384.jpg,43
1131594.jpg,43
1307362.jpg,43
1895222.jpg,43
1451428.jpg,60
1724036.jpg,60
0994752.jpg,60
1158249.jpg,60
0550495.jpg,60
1479680.jpg,60
1046884.jpg,60
1725769.jpg,60
1024161.jpg,60
1216468.jpg,60
1026503.jpg,60
1943159.jpg,60
1330443.jpg,60
1753611.jpg,60
1158825.jpg,60
1521239.jpg,60
1676596.jpg,60
1993814.jpg,60
2127863.jpg,60
2266334.jpg,60
1531944.jpg,60
1361455.jpg,60
1144107.jpg,60
1943366.jpg,60
1346589.jpg,60
1228462.jpg,60
1716407.jpg,60
2127942.jpg,60
1686427.jpg,60
1209677.jpg,60
0948003.jpg,60
1626934.jpg,60
1778960.jpg,60
0753073.jpg,69
0302922.jpg,69
1062014.jpg,69
1979060.jpg,69
1213100.jpg,69
1626631.jpg,69
0788136.jpg,69
1792324.jpg,69
2213701.jpg,69
1898332.jpg,69
2014377.jpg,69
1183804.jpg,69
1379513.jpg,69
1338550.jpg,69
1686506.jpg,69
1543493.jpg,69
1177940.jpg,69
1843806.jpg,69
1630527.jpg,69
0973100.jpg,69
0497638.jpg,69
0458651.jpg,69
1380293.jpg,69
1362800.jpg,69
1739524.jpg,69
2133749.jpg,69
1323017.jpg,69
1250052.jpg,69
2184367.jpg,69
1514209.jpg,69
2176481.jpg,69
2045348.jpg,69
0601504.jpg,69
0182731.jpg,44
1253247.jpg,44
1149050.jpg,44
1696063.jpg,44
1617994.jpg,44
1429838.jpg,44
1283512.jpg,44
0786971.jpg,44
0063925.jpg,44
0066424.jpg,44
1674736.jpg,44
1149347.jpg,44
2192122.jpg,44
1133885.jpg,44
0445612.jpg,44
1784301.jpg,44
1351480.jpg,44
0174903.jpg,44
1382259.jpg,45
1286165.jpg,45
0694467.jpg,45
0447439.jpg,45
0688080.jpg,45
0233763.jpg,45
1266357.jpg,45
0697384.jpg,45
0136152.jpg,62
0803547.jpg,45
0945011.jpg,45
1137745.jpg,45
0257664.jpg,45
2142244.jpg,45
2009533.jpg,88
0329378.jpg,88
1248148.jpg,88
1207599.jpg,88
0507656.jpg,88
2230925.jpg,88
0469133.jpg,88
1591336.jpg,88
0807954.jpg,88
0973166.jpg,88
1323008.jpg,88
1822336.jpg,88
1099308.jpg,88
1966168.jpg,88
2164771.jpg,88
1152126.jpg,88
0167063.jpg,88
0858585.jpg,88
2028343.jpg,88
0517626.jpg,88
1725773.jpg,88
2070659.jpg,88
0062651.jpg,88
0143363.jpg,88
0517893.jpg,88
1674735.jpg,88
0483582.jpg,88
1053710.jpg,88
0250112.jpg,88
0872422.jpg,88
1596398.jpg,88
0136191.jpg,88
0558296.jpg,88
1875301.jpg,46
1950531.jpg,46
1337427.jpg,46
0922757.jpg,46
1310900.jpg,46
2140541.jpg,46
0995282.jpg,46
0522910.jpg,46
2101945.jpg,46
1951709.jpg,46
1365790.jpg,46
1663304.jpg,46
2097904.jpg,46
1318843.jpg,46
1191244.jpg,46
0365250.jpg,54
1158579.jpg,54
1311998.jpg,54
1163859.jpg,54
0755287.jpg,54
1895474.jpg,54
1430027.jpg,54
0391532.jpg,54
2069535.jpg,54
1244006.jpg,54
1162893.jpg,54
1980576.jpg,54
1244285.jpg,54
1901003.jpg,54
2102999.jpg,54
0696943.jpg,54
0497637.jpg,54
0994751.jpg,54
0041419.jpg,54
1806237.jpg,54
1064717.jpg,54
2232991.jpg,54
2234509.jpg,54
0805841.jpg,54
0796442.jpg,54
0136240.jpg,54
0302209.jpg,54
2236389.jpg,54
1030324.jpg,54
1846144.jpg,54
1391858.jpg,54
1888254.jpg,54
0869712.jpg,54
1535321.jpg,91
2211310.jpg,91
1857534.jpg,91
0472671.jpg,91
1542799.jpg,91
1642987.jpg,91
1141657.jpg,91
1410097.jpg,91
1549874.jpg,91
0095534.jpg,91
1400738.jpg,91
1852004.jpg,91
1034793.jpg,91
1256465.jpg,91
1355623.jpg,91
1655614.jpg,91
2149722.jpg,91
1308524.jpg,91
1315973.jpg,91
1170880.jpg,91
0488772.jpg,91
0130154.jpg,91
2057963.jpg,91
1027348.jpg,91
2260732.jpg,91
0498315.jpg,91
0914555.jpg,91
1784297.jpg,91
1362726.jpg,91
1796985.jpg,91
0558239.jpg,91
1796772.jpg,91
1718620.jpg,91
1192172.jpg,81
1242242.jpg,81
1683147.jpg,81
0934119.jpg,81
1506678.jpg,81
1567592.jpg,81
1796779.jpg,81
0934120.jpg,81
1070876.jpg,81
2159929.jpg,81
1563891.jpg,81
1373015.jpg,81
2073908.jpg,81
2181542.jpg,81
1085156.jpg,81
1151729.jpg,81
1554878.jpg,81
1591237.jpg,81
1161742.jpg,81
1085158.jpg,81
0935015.jpg,81
1973089.jpg,81
1258662.jpg,81
1054591.jpg,81
1277137.jpg,81
1468153.jpg,81
1344996.jpg,81
1302926.jpg,81
0880533.jpg,81
1861128.jpg,81
1577806.jpg,81
1244762.jpg,81
1574582.jpg,81
1574580.jpg,81
1155366.jpg,68
1164553.jpg,68
0758787.jpg,68
0753915.jpg,68
0735988.jpg,68
1451659.jpg,68
0859025.jpg,68
1398963.jpg,68
0786220.jpg,68
1869888.jpg,68
1001728.jpg,68
0738224.jpg,68
0810388.jpg,68
0808933.jpg,68
2054355.jpg,68
0848056.jpg,68
0523178.jpg,68
2072217.jpg,68
0582379.jpg,68
0945368.jpg,68
0195729.jpg,68
0738232.jpg,68
1826521.jpg,68
1164960.jpg,68
0751327.jpg,68
1340641.jpg,68
0920946.jpg,68
0740912.jpg,68
0195017.jpg,68
1124077.jpg,68
0813549.jpg,68
1869886.jpg,68
0737320.jpg,68
0074630.jpg,0
0958196.jpg,98
0312406.jpg,87
0985788.jpg,87
1194329.jpg,87
2221732.jpg,87
0810604.jpg,87
0907391.jpg,87
1839235.jpg,87
0631759.jpg,87
0067396.jpg,87
0065414.jpg,87
1099217.jpg,87
0385285.jpg,87
0063053.jpg,87
1796410.jpg,87
0467404.jpg,87
0536722.jpg,87
0869696.jpg,87
0296117.jpg,87
0875404.jpg,87
0814400.jpg,87
0907348.jpg,87
1178071.jpg,87
0901500.jpg,87
0091111.jpg,87
0726611.jpg,87
0174059.jpg,87
0984875.jpg,87
0063917.jpg,87
0143357.jpg,87
1356931.jpg,87
1476954.jpg,87
0061399.jpg,77
0894384.jpg,77
0869689.jpg,77
1154890.jpg,77
0395606.jpg,77
0744221.jpg,77
1762107.jpg,77
1335199.jpg,77
1145212.jpg,77
1898447.jpg,77
0353525.jpg,77
0169997.jpg,77
1302871.jpg,77
0478337.jpg,87
0916254.jpg,77
1603429.jpg,77
2054232.jpg,77
0880598.jpg,77
0063288.jpg,77
0090853.jpg,32
0894169.jpg,77
2249122.jpg,77
1899232.jpg,77
0458647.jpg,77
0694490.jpg,77
0447464.jpg,77
0164676.jpg,77
0836255.jpg,77
0692142.jpg,77
0574286.jpg,77
2217846.jpg,77
1184711.jpg,77
0361467.jpg,77
0647986.jpg,77
0130600.jpg,94
1338725.jpg,94
0288121.jpg,94
1474100.jpg,94
0918627.jpg,94
1287636.jpg,94
1288666.jpg,82
1107746.jpg,94
1857209.jpg,82
1603265.jpg,56
1763810.jpg,94
1111461.jpg,94
1095671.jpg,94
0570736.jpg,82
0556341.jpg,94
1377031.jpg,94
0250136.jpg,94
1311620.jpg,94
1059777.jpg,82
0691273.jpg,82
0114428.jpg,94
0091323.jpg,82
0439775.jpg,94
0979648.jpg,82
0939544.jpg,82
1782678.jpg,94
0521359.jpg,94
1870031.jpg,94
2206145.jpg,94
0851298.jpg,82
0523250.jpg,82
0198447.jpg,94
1605065.jpg,94
1500490.jpg,82
1495242.jpg,56
0957050.jpg,56
1198431.jpg,56
0302320.jpg,88
2021865.jpg,94
0523047.jpg,56
1231212.jpg,56
0257369.jpg,56
1141849.jpg,56
1950537.jpg,56
0740891.jpg,56
1272696.jpg,56
1227201.jpg,82
0522863.jpg,56
1177369.jpg,56
0421146.jpg,94
0996406.jpg,56
1355493.jpg,56
0064621.jpg,56
0771899.jpg,94
0924092.jpg,56
0089230.jpg,56
0176108.jpg,56
0418691.jpg,94
1461262.jpg,56
2067974.jpg,56
1966299.jpg,56
0944995.jpg,56
1455912.jpg,56
0422705.jpg,56
1351205.jpg,56
2026729.jpg,56
0547148.jpg,56
0796380.jpg,82
2085982.jpg,82
1585848.jpg,82
1260332.jpg,82
0139297.jpg,82
1110803.jpg,94
1176958.jpg,94
0482799.jpg,82
1566620.jpg,82
2134550.jpg,94
0275248.jpg,82
0779578.jpg,82
0688079.jpg,82
1539351.jpg,82
1606543.jpg,94
2218010.jpg,82
0154312.jpg,82
1465204.jpg,82
1237706.jpg,82
0774291.jpg,82
0875309.jpg,94
2200415.jpg,94
0065125.jpg,82
0918628.jpg,82
0380577.jpg,82
0932478.jpg,82
1620907.jpg,82
1341063.jpg,82
1445587.jpg,82
0494461.jpg,82
1203083.jpg,82
0688099.jpg,82
0046946.jpg,82
0858700.jpg,65
0836251.jpg,65
0907425.jpg,65
2106203.jpg,65
1785531.jpg,65
0967844.jpg,65
1146071.jpg,65
0447756.jpg,65
1759064.jpg,65
0356151.jpg,65
1355208.jpg,65
0062664.jpg,65
1155928.jpg,65
0996414.jpg,65
1122803.jpg,65
1168016.jpg,65
0104853.jpg,65
0944244.jpg,65
0063283.jpg,65
1060231.jpg,65
0334154.jpg,65
1354055.jpg,65
0907365.jpg,65
1753659.jpg,65
0975821.jpg,65
1026571.jpg,65
0640701.jpg,65
2259653.jpg,65
0503703.jpg,65
1031458.jpg,65
0631840.jpg,65
1028934.jpg,65
0572854.jpg,65
1446337.jpg,83
1570282.jpg,83
1018460.jpg,83
2130587.jpg,83
1192627.jpg,83
0746095.jpg,83
1974384.jpg,83
1821463.jpg,83
1095198.jpg,83
1037168.jpg,83
0930261.jpg,83
0457871.jpg,83
1058012.jpg,83
1767092.jpg,83
1942531.jpg,83
1300106.jpg,83
1245276.jpg,83
1152495.jpg,83
1622774.jpg,83
1027525.jpg,83
1494935.jpg,83
1666990.jpg,83
1660307.jpg,83
0321770.jpg,83
1663725.jpg,83
1492330.jpg,83
1616724.jpg,83
1956491.jpg,83
0709332.jpg,83
2092668.jpg,83
1427111.jpg,83
1069978.jpg,83
1615270.jpg,83
1034887.jpg,99
2173577.jpg,99
0768287.jpg,99
1112646.jpg,99
1304025.jpg,99
0403850.jpg,99
1217239.jpg,99
1852270.jpg,99
1977631.jpg,99
0102242.jpg,99
1472400.jpg,99
1726550.jpg,99
1405368.jpg,99
1913914.jpg,99
1267520.jpg,99
1560573.jpg,99
1161284.jpg,99
0104863.jpg,99
0869956.jpg,99
1170309.jpg,99
0544848.jpg,99
2151653.jpg,99
1287238.jpg,99
2259257.jpg,99
1269238.jpg,99
1148553.jpg,99
1159084.jpg,99
1326096.jpg,99
1329898.jpg,99
0749919.jpg,99
1302842.jpg,99
1503448.jpg,99
1485655.jpg,99
1747768.jpg,99
0966761.jpg,47
1804775.jpg,47
1328043.jpg,47
2136870.jpg,47
1291917.jpg,47
1305696.jpg,47
2258360.jpg,47
1795992.jpg,47
1606023.jpg,47
2156770.jpg,47
1853929.jpg,47
2072391.jpg,47
1606276.jpg,47
1589831.jpg,47
1329261.jpg,47
2263166.jpg,47
1306689.jpg,47
1930380.jpg,97
0439774.jpg,97
2180829.jpg,97
1145214.jpg,97
1313682.jpg,97
0143372.jpg,97
1037507.jpg,97
0065828.jpg,97
1889572.jpg,97
1386625.jpg,97
1240316.jpg,97
1736230.jpg,97
1974369.jpg,97
2251908.jpg,97
1834804.jpg,97
1912857.jpg,97
2049714.jpg,97
2247106.jpg,97
2062291.jpg,97
1168287.jpg,97
1292321.jpg,97
1909792.jpg,97
0936623.jpg,97
1050563.jpg,97
1047792.jpg,97
0752972.jpg,97
1807104.jpg,97
0973085.jpg,97
2192173.jpg,97
0890965.jpg,97
1088367.jpg,97
0454814.jpg,97
1741949.jpg,97
0145542.jpg,52
1053460.jpg,52
0469667.jpg,52
1620908.jpg,52
1861474.jpg,52
0167061.jpg,52
0698730.jpg,52
0276023.jpg,52
2141937.jpg,52
0219261.jpg,52
0410634.jpg,52
1303943.jpg,52
1210455.jpg,52
0917396.jpg,52
1256726.jpg,52
1542460.jpg,52
1330701.jpg,52
1119086.jpg,52
1850446.jpg,52
1230276.jpg,52
1767275.jpg,52
0673356.jpg,52
1163473.jpg,52
0066980.jpg,52
0979658.jpg,52
1525894.jpg,52
1255662.jpg,52
0642069.jpg,52
2251723.jpg,52
0936156.jpg,52
0065431.jpg,52
1054221.jpg,52
1142348.jpg,52
0454760.jpg,52
1468752.jpg,48
0746672.jpg,48
2094376.jpg,48
1307364.jpg,48
0882696.jpg,48
0851614.jpg,48
1241545.jpg,48
1299225.jpg,48
1859309.jpg,48
2156189.jpg,48
1237254.jpg,48
1607960.jpg,48
0940910.jpg,48
2118977.jpg,48
0687272.jpg,72
1560580.jpg,72
1611098.jpg,72
1289636.jpg,72
2194062.jpg,72
2080680.jpg,72
1418846.jpg,72
1945974.jpg,72
1223796.jpg,72
1859057.jpg,72
0986465.jpg,72
1360525.jpg,72
1240881.jpg,72
1285957.jpg,72
1371541.jpg,72
1482270.jpg,72
0960091.jpg,72
0659386.jpg,72
1764704.jpg,72
0586258.jpg,72
1372373.jpg,72
1961232.jpg,72
1017912.jpg,72
0880063.jpg,72
1251379.jpg,72
1408735.jpg,72
2186725.jpg,72
0978114.jpg,72
1607507.jpg,72
1272291.jpg,72
1261424.jpg,72
1240022.jpg,72
1252131.jpg,72
0836158.jpg,78
0498115.jpg,78
0230804.jpg,78
1476106.jpg,78
1619889.jpg,78
1590546.jpg,78
0944241.jpg,78
1590547.jpg,78
1597802.jpg,78
0523272.jpg,78
0062709.jpg,78
0523249.jpg,78
1745775.jpg,78
0836151.jpg,78
1544176.jpg,78
1826636.jpg,78
1594799.jpg,78
1425173.jpg,78
0181715.jpg,78
1544976.jpg,78
0195743.jpg,78
1594716.jpg,78
1826637.jpg,78
0522948.jpg,78
0907419.jpg,78
0880566.jpg,78
0143344.jpg,78
1594731.jpg,78
0127652.jpg,78
0716334.jpg,78
0907410.jpg,78
0632009.jpg,78
1700374.jpg,78
0523051.jpg,78
0632992.jpg,64
1137003.jpg,64
0758130.jpg,64
1113089.jpg,64
0487365.jpg,64
0062680.jpg,64
0685374.jpg,64
2054457.jpg,64
1097303.jpg,64
1426286.jpg,64
0273050.jpg,64
2002329.jpg,64
1218560.jpg,64
1585744.jpg,64
0737317.jpg,64
0578315.jpg,64
1691609.jpg,64
1161655.jpg,64
1179867.jpg,64
1429795.jpg,64
0237108.jpg,64
0726430.jpg,64
0920415.jpg,64
0822344.jpg,64
0543872.jpg,64
0062723.jpg,64
0522861.jpg,64
1597762.jpg,64
1577705.jpg,64
0094111.jpg,64
0241464.jpg,64
1869869.jpg,64
0077514.jpg,64
0901512.jpg,49
0907402.jpg,49
1027346.jpg,49
1113448.jpg,49
1691701.jpg,49
1361542.jpg,49
0967831.jpg,49
0490173.jpg,49
0302870.jpg,49
1826635.jpg,49
1227260.jpg,49
0523140.jpg,49
1340345.jpg,49
0765754.jpg,49
1594714.jpg,49
